"vehicle_id","title","description","url","make","model","year","trim","mileage.value","mileage.unit","price","body_style","exterior_color","interior_color","state_of_vehicle","vin","transmission","fuel_type","drivetrain","availability","condition","vehicle_type","status","date_first_on_lot","days_on_lot","stock_number","address","latitude","longitude","dealer_id","dealer_name","dealer_phone","custom_label_0","custom_label_1","custom_label_2","image[0].url","image[1].url","image[2].url","image[3].url","image[4].url","image[5].url","image[6].url","image[7].url","image[8].url","image[9].url","image[10].url","image[11].url","image[12].url","image[13].url","image[14].url","image[15].url","image[16].url","image[17].url","image[18].url","image[19].url"
"15491","2022 Ford Mustang Mach-E New MACH E GT - 487PK","Ford Mustang Mach-E New MACH E GT - 487PK bij AB Automotive Vilvoorde. Berline, Elektrisch, Automaat. Bouwjaar 2022, 24.985 km. Uitrusting: 360° camera, ABS, Achteruitrijcamera, Adaptive Cruise Control, Airbag bestuurder, Airbag passagier, Airbags achteraan, Airbags gordijnairbags. Gecontroleerde occasie met minimum 1 jaar garantie. Boek je testrit online.","https://nl.advusedcars.be/autos/tweedehands/vilvoorde/ford/mustang-mach-e/elektrisch/new-mach-e-gt-487pk/15491/","Ford","Mustang Mach-E","2022","New MACH E GT - 487PK","24985","KM","43990.00 EUR","SEDAN","Antraciet","Zwart","Used","WF0TK4SX6NMA05308","Automatic","ELECTRIC","Other","available",,"car_truck","active","2024-09-20","713","1263165","{""addr1"":""Mechelsesteenweg 295"",""city"":""Vilvoorde"",""region"":""Vlaams-Brabant"",""postal_code"":""1800"",""country"":""BE""}","50.945310","4.442320","ADV-AB-VILVOORDE","AB Automotive Vilvoorde","+3222540310","AB Automotive Vilvoorde","Ford","Elektrisch","https://cdn-be.motork.net/dealer/datafiles/vehicle/images/800/121/dqBx4D9MtJKQ9CNx.jpg",,,,,,,,,,,,,,,,,,,
"15511","2023 Ford Focus Titanium - Clipper - Benzine","Ford Focus Titanium - Clipper - Benzine bij AB Automotive Vilvoorde. Break, Benzine, Manueel. Bouwjaar 2023, 46.498 km. Uitrusting: ABS, Airbag bestuurder, Airbag passagier, Airbags achteraan, Airbags gordijnairbags, Android Auto, Apple Carplay, Automatische Airconditioning. Gecontroleerde occasie met minimum 1 jaar garantie. Boek je testrit online.","https://nl.advusedcars.be/autos/tweedehands/vilvoorde/ford/focus/benzine/titanium-clipper-benzine/15511/","Ford","Focus","2023","Titanium - Clipper - Benzine","46498","KM","19990.00 EUR","WAGON","Blauw","Zwart","Used","WF0PXXGCHPNG27294","Manual","GASOLINE","Other","available",,"car_truck","active","2025-08-20","379","1702772","{""addr1"":""Mechelsesteenweg 295"",""city"":""Vilvoorde"",""region"":""Vlaams-Brabant"",""postal_code"":""1800"",""country"":""BE""}","50.945310","4.442320","ADV-AB-VILVOORDE","AB Automotive Vilvoorde","+3222540310","AB Automotive Vilvoorde","Ford","Benzine","https://cdn-be.motork.net/dealer/datafiles/vehicle/images/800/121/f0R2MKu2yrdpqYNo.jpg","https://cdn-be.motork.net/dealer/datafiles/vehicle/images/800/121/ngdi5TmTHQhzHBBB.jpg","https://cdn-be.motork.net/dealer/datafiles/vehicle/images/800/121/WNeBGBjQRXK2N7sA.jpg","https://cdn-be.motork.net/dealer/datafiles/vehicle/images/800/121/nqqffZVKG9iq7FWm.jpg","https://cdn-be.motork.net/dealer/datafiles/vehicle/images/800/121/NkTjsggNrTs0h2v0.jpg","https://cdn-be.motork.net/dealer/datafiles/vehicle/images/800/121/6zzgPQFW0SZj3BaI.jpg","https://cdn-be.motork.net/dealer/datafiles/vehicle/images/800/121/yH3FRfXXsIEwigjh.jpg","https://cdn-be.motork.net/dealer/datafiles/vehicle/images/800/121/c26QlT6e64ohwJXA.jpg","https://cdn-be.motork.net/dealer/datafiles/vehicle/images/800/121/lPpkXOBDvdcLIciu.jpg","https://cdn-be.motork.net/dealer/datafiles/vehicle/images/800/121/ikXqQpv9NikOnEDl.jpg","https://cdn-be.motork.net/dealer/datafiles/vehicle/images/800/121/JJ5EQwhx0HEt8m1g.jpg","https://cdn-be.motork.net/dealer/datafiles/vehicle/images/800/121/0JKzJqtNdz3xrWfH.jpg","https://cdn-be.motork.net/dealer/datafiles/vehicle/images/800/121/rSO5R9X9WpueBYFu.jpg","https://cdn-be.motork.net/dealer/datafiles/vehicle/images/800/121/XRAD0jMUn5yY1WV7.jpg","https://cdn-be.motork.net/dealer/datafiles/vehicle/images/800/121/72WnttCEdKF6CiCO.jpg","https://cdn-be.motork.net/dealer/datafiles/vehicle/images/800/121/jm7kDpExMIbcS2Nw.jpg","https://cdn-be.motork.net/dealer/datafiles/vehicle/images/800/121/g79W5d1mzI4ZkqkO.jpg","https://cdn-be.motork.net/dealer/datafiles/vehicle/images/800/121/CjBdDdiAdOruxbBL.jpg","https://cdn-be.motork.net/dealer/datafiles/vehicle/images/800/121/Ui6F44ADvIF521Lb.jpg","https://cdn-be.motork.net/dealer/datafiles/vehicle/images/800/121/lrcKhrCxdcPvMquG.jpg"
"15515","2023 Ford Mustang Mach-E AWD - 99Kwh - Full Option","Ford Mustang Mach-E AWD - 99Kwh - Full Option bij AB Automotive Vilvoorde. Berline, Elektrisch, Automaat. Bouwjaar 2023, 35.792 km. Uitrusting: 360° camera, 4x4, ABS, Adaptive Cruise Control, Airbag bestuurder, Airbag passagier, Airbags achteraan, Airbags gordijnairbags. Gecontroleerde occasie met minimum 1 jaar garantie. Boek je testrit online.","https://nl.advusedcars.be/autos/tweedehands/vilvoorde/ford/mustang-mach-e/elektrisch/awd-99kwh-full-option/15515/","Ford","Mustang Mach-E","2023","AWD - 99Kwh - Full Option","35792","KM","48990.00 EUR","SEDAN","Antraciet","Zwart","Used","WF0TK3SU3PMA22019","Automatic","ELECTRIC","Other","available",,"car_truck","active","2025-08-20","379","1718291","{""addr1"":""Mechelsesteenweg 295"",""city"":""Vilvoorde"",""region"":""Vlaams-Brabant"",""postal_code"":""1800"",""country"":""BE""}","50.945310","4.442320","ADV-AB-VILVOORDE","AB Automotive Vilvoorde","+3222540310","AB Automotive Vilvoorde","Ford","Elektrisch","https://cdn-be.motork.net/dealer/datafiles/vehicle/images/800/121/YOgb7OhjnOfVlrY3.jpg","https://cdn-be.motork.net/dealer/datafiles/vehicle/images/800/121/GWfArV5lz3KJpthq.jpg","https://cdn-be.motork.net/dealer/datafiles/vehicle/images/800/121/R0Ku8dQzLA5cyFKs.jpg","https://cdn-be.motork.net/dealer/datafiles/vehicle/images/800/121/IZ1POMUxvHXuXyPd.jpg","https://cdn-be.motork.net/dealer/datafiles/vehicle/images/800/121/UaSfrLTG7SvymV5o.jpg","https://cdn-be.motork.net/dealer/datafiles/vehicle/images/800/121/7VSJxLXNS3GxIo0a.jpg","https://cdn-be.motork.net/dealer/datafiles/vehicle/images/800/121/EWtRxSIuS9SfsYuS.jpg","https://cdn-be.motork.net/dealer/datafiles/vehicle/images/800/121/YGhzsA0NAGYtYnGv.jpg","https://cdn-be.motork.net/dealer/datafiles/vehicle/images/800/121/BU2B4ZGMPON1RK7m.jpg","https://cdn-be.motork.net/dealer/datafiles/vehicle/images/800/121/w6T55ADlNWDfzyj6.jpg","https://cdn-be.motork.net/dealer/datafiles/vehicle/images/800/121/Zu3JvpXu4Gwgnsiu.jpg","https://cdn-be.motork.net/dealer/datafiles/vehicle/images/800/121/10W4JMlFDgRiujqP.jpg","https://cdn-be.motork.net/dealer/datafiles/vehicle/images/800/121/8PyVC68JdbcdRgYu.jpg","https://cdn-be.motork.net/dealer/datafiles/vehicle/images/800/121/7K1YtPy5UxuhiOSM.jpg","https://cdn-be.motork.net/dealer/datafiles/vehicle/images/800/121/orqp58S7zVP2gOzb.jpg","https://cdn-be.motork.net/dealer/datafiles/vehicle/images/800/121/b2A6WCiFawyNTkGe.jpg","https://cdn-be.motork.net/dealer/datafiles/vehicle/images/800/121/OwKwtyIMkaOEmJT0.jpg","https://cdn-be.motork.net/dealer/datafiles/vehicle/images/800/121/6cNoipMJvwL5BgNx.jpg","https://cdn-be.motork.net/dealer/datafiles/vehicle/images/800/121/8Vku0Br5PiVwPYW1.jpg",
"15524","2022 Ford Focus St Line - Garantie","Ford Focus St Line - Garantie bij AB Automotive Vilvoorde. Berline, Benzine, Manueel. Bouwjaar 2022, 56.812 km. Uitrusting: 1er propriétaire, ABS, ATC - contrôle automatique de la traction, Accoudoir, Adaptive Cruise Control, Airbag conducteur, Airbag passager, Airbags latéraux. Gecontroleerde occasie met minimum 1 jaar garantie. Boek je testrit online.","https://nl.advusedcars.be/autos/tweedehands/vilvoorde/ford/focus/benzine/st-line-garantie/15524/","Ford","Focus","2022","St Line - Garantie","56812","KM","18990.00 EUR","SEDAN","Antraciet","Zwart","Used","WF0NXXGCHNNM82813","Manual","GASOLINE","Other","available",,"car_truck","active","2024-09-20","713","1561267","{""addr1"":""Mechelsesteenweg 295"",""city"":""Vilvoorde"",""region"":""Vlaams-Brabant"",""postal_code"":""1800"",""country"":""BE""}","50.945310","4.442320","ADV-AB-VILVOORDE","AB Automotive Vilvoorde","+3222540310","AB Automotive Vilvoorde","Ford","Benzine","https://cdn-be.motork.net/dealer/datafiles/vehicle/images/800/121/e9IHB1LQZcu2FOTu.jpg","https://cdn-be.motork.net/dealer/datafiles/vehicle/images/800/121/3ykDSJNph96pCsBw.jpg","https://cdn-be.motork.net/dealer/datafiles/vehicle/images/800/121/YkBV3CqN9tF3fKao.jpg","https://cdn-be.motork.net/dealer/datafiles/vehicle/images/800/121/K8wrsj1lbnUJS2oF.jpg","https://cdn-be.motork.net/dealer/datafiles/vehicle/images/800/121/vwcMGiuVIV66bNAN.jpg","https://cdn-be.motork.net/dealer/datafiles/vehicle/images/800/121/IHwd9Ps3h4UChQlB.jpg","https://cdn-be.motork.net/dealer/datafiles/vehicle/images/800/121/wq8yBeJubR6UeajU.jpg","https://cdn-be.motork.net/dealer/datafiles/vehicle/images/800/121/XkVKeeslxdGcnX8y.jpg","https://cdn-be.motork.net/dealer/datafiles/vehicle/images/800/121/0qUDITeQcZfyKCbT.jpg","https://cdn-be.motork.net/dealer/datafiles/vehicle/images/800/121/oCt3i5lmmIofKOGA.jpg","https://cdn-be.motork.net/dealer/datafiles/vehicle/images/800/121/p69Rv3pR5zxBXQdq.jpg","https://cdn-be.motork.net/dealer/datafiles/vehicle/images/800/121/mpiA6alfmAcNWxpu.jpg","https://cdn-be.motork.net/dealer/datafiles/vehicle/images/800/121/LP7zljLfkx5zsTEH.jpg","https://cdn-be.motork.net/dealer/datafiles/vehicle/images/800/121/irs9RNfoNDpVMI6H.jpg","https://cdn-be.motork.net/dealer/datafiles/vehicle/images/800/121/WvnxysNn6YzUVnp5.jpg","https://cdn-be.motork.net/dealer/datafiles/vehicle/images/800/121/ZgiWn7M3i9GuqBJW.jpg","https://cdn-be.motork.net/dealer/datafiles/vehicle/images/800/121/XLCJZJO6D2MiDbOl.jpg","https://cdn-be.motork.net/dealer/datafiles/vehicle/images/800/121/Nv0NhMrXztvR9Z5O.jpg","https://cdn-be.motork.net/dealer/datafiles/vehicle/images/800/121/gIBo2YfmOqrSGquM.jpg","https://cdn-be.motork.net/dealer/datafiles/vehicle/images/800/121/R4y7LqquXXCAq62L.jpg"
"15536","2023 Ford Kuga New ST Line X / Black Edition -","Ford Kuga New ST Line X / Black Edition - bij AB Automotive Vilvoorde. SUV, Benzine, Manueel. Bouwjaar 2023, 64.778 km. Uitrusting: ABS, Achteruitrijcamera, Adaptive Cruise Control, Airbag bestuurder, Airbag passagier, Airbags achteraan, Airbags lateraal, Android Auto. Gecontroleerde occasie met minimum 1 jaar garantie. Boek je testrit online.","https://nl.advusedcars.be/autos/tweedehands/vilvoorde/ford/kuga/benzine/new-st-line-x-black-edition/15536/","Ford","Kuga","2023","New ST Line X / Black Edition -","64778","KM","24990.00 EUR","SUV","Grijs","Zwart","Used","WF0FXXWPMFNG09545","Manual","GASOLINE","Other","available",,"car_truck","active","2025-08-20","379","1360920","{""addr1"":""Mechelsesteenweg 295"",""city"":""Vilvoorde"",""region"":""Vlaams-Brabant"",""postal_code"":""1800"",""country"":""BE""}","50.945310","4.442320","ADV-AB-VILVOORDE","AB Automotive Vilvoorde","+3222540310","AB Automotive Vilvoorde","Ford","Benzine","https://cdn-be.motork.net/dealer/datafiles/vehicle/images/800/121/fElYd8ja2KIm7nsy.jpg","https://cdn-be.motork.net/dealer/datafiles/vehicle/images/800/121/DjgOHY2nuzU51xiH.jpg","https://cdn-be.motork.net/dealer/datafiles/vehicle/images/800/121/04PhcSouXhlbUbOw.jpg","https://cdn-be.motork.net/dealer/datafiles/vehicle/images/800/121/Hl891lKuCNW5lqGt.jpg","https://cdn-be.motork.net/dealer/datafiles/vehicle/images/800/121/HWdK1FS5OCAdNp2E.jpg","https://cdn-be.motork.net/dealer/datafiles/vehicle/images/800/121/36wP43Hd5baFSE5d.jpg","https://cdn-be.motork.net/dealer/datafiles/vehicle/images/800/121/6wEuEF6NLXn6Ng26.jpg","https://cdn-be.motork.net/dealer/datafiles/vehicle/images/800/121/6o02ln9KAZE561ZQ.jpg","https://cdn-be.motork.net/dealer/datafiles/vehicle/images/800/121/pMMS1y1sFxDGdci7.jpg","https://cdn-be.motork.net/dealer/datafiles/vehicle/images/800/121/9WxYJPkjNyFmjK5w.jpg","https://cdn-be.motork.net/dealer/datafiles/vehicle/images/800/121/SG0QeOfMGIiofu2I.jpg","https://cdn-be.motork.net/dealer/datafiles/vehicle/images/800/121/39PKWAv3BK8c04z9.jpg","https://cdn-be.motork.net/dealer/datafiles/vehicle/images/800/121/8lqdXsXoqVzyIVMX.jpg","https://cdn-be.motork.net/dealer/datafiles/vehicle/images/800/121/CMDyeRVuCPANYPVM.jpg","https://cdn-be.motork.net/dealer/datafiles/vehicle/images/800/121/KDu0Zlxy3Mn3j559.jpg","https://cdn-be.motork.net/dealer/datafiles/vehicle/images/800/121/syY4sVDABJJawyTt.jpg","https://cdn-be.motork.net/dealer/datafiles/vehicle/images/800/121/jrLvGBtmjx9b6vpV.jpg","https://cdn-be.motork.net/dealer/datafiles/vehicle/images/800/121/MsgVqYdOk3KdIpwT.jpg",,
"15543","2024 Ford Kuga ST-Line - Demo Wagen","Ford Kuga ST-Line - Demo Wagen bij AB Automotive Vilvoorde. SUV, Hybride (benzine), Automaat. Bouwjaar 2024, 43.281 km. Uitrusting: ABS, Achteruitrijcamera, Adaptive Cruise Control, Airbag bestuurder, Airbag passagier, Airbags lateraal, Alarm, Android Auto. Gecontroleerde occasie met minimum 1 jaar garantie. Boek je testrit online.","https://nl.advusedcars.be/autos/tweedehands/vilvoorde/ford/kuga/hybride-benzine/st-line-demo-wagen/15543/","Ford","Kuga","2024","ST-Line - Demo Wagen","43281","KM","28990.00 EUR","SUV","Zwart","Zwart","Used","WF0FXXWPMHRB63160","Automatic","HYBRID","Other","available",,"car_truck","active","2024-09-20","713","1698771","{""addr1"":""Mechelsesteenweg 295"",""city"":""Vilvoorde"",""region"":""Vlaams-Brabant"",""postal_code"":""1800"",""country"":""BE""}","50.945310","4.442320","ADV-AB-VILVOORDE","AB Automotive Vilvoorde","+3222540310","AB Automotive Vilvoorde","Ford","Hybride (benzine)","https://cdn-be.motork.net/dealer/datafiles/vehicle/images/800/121/7DqC5G3uwVfONJP5.jpg","https://cdn-be.motork.net/dealer/datafiles/vehicle/images/800/121/ZmP6uSuh9xDNWs98.jpg","https://cdn-be.motork.net/dealer/datafiles/vehicle/images/800/121/qMMb2gFKQtLC1tfp.jpg","https://cdn-be.motork.net/dealer/datafiles/vehicle/images/800/121/LZQeCH4m6r5BsORJ.jpg","https://cdn-be.motork.net/dealer/datafiles/vehicle/images/800/121/NWBHJdQZsvn5JnnS.jpg","https://cdn-be.motork.net/dealer/datafiles/vehicle/images/800/121/VYHf7qDFLcamxNaF.jpg","https://cdn-be.motork.net/dealer/datafiles/vehicle/images/800/121/EcWGMPF72784bkrB.jpg","https://cdn-be.motork.net/dealer/datafiles/vehicle/images/800/121/gHrBKfoG8PhOFXim.jpg","https://cdn-be.motork.net/dealer/datafiles/vehicle/images/800/121/N1RfUZJuU0U6wqT5.jpg","https://cdn-be.motork.net/dealer/datafiles/vehicle/images/800/121/juQ66FLRaKG9wkUR.jpg","https://cdn-be.motork.net/dealer/datafiles/vehicle/images/800/121/bLn32GlyORnOVPm2.jpg","https://cdn-be.motork.net/dealer/datafiles/vehicle/images/800/121/Yb3RzAF8VVx4eB94.jpg","https://cdn-be.motork.net/dealer/datafiles/vehicle/images/800/121/nB1iAPtnNOHrNMgy.jpg","https://cdn-be.motork.net/dealer/datafiles/vehicle/images/800/121/amLpZ5fz59g7IE7i.jpg","https://cdn-be.motork.net/dealer/datafiles/vehicle/images/800/121/eVBfMOPgol8SOVNB.jpg","https://cdn-be.motork.net/dealer/datafiles/vehicle/images/800/121/xNfqK8JcXvl2SP4j.jpg","https://cdn-be.motork.net/dealer/datafiles/vehicle/images/800/121/Xmhn1iYaEKPtWzzX.jpg","https://cdn-be.motork.net/dealer/datafiles/vehicle/images/800/121/DUlPkKLBc3khakYQ.jpg","https://cdn-be.motork.net/dealer/datafiles/vehicle/images/800/121/Cgwl3XiOK5MDVkMq.jpg",
"15555","2023 Ford E-Transit E Transit L2-H2 - POWER ON BOARD","Ford E-Transit E Transit L2-H2 - POWER ON BOARD bij AB Automotive Vilvoorde. Bestelwagen, Elektrisch, Automaat. Bouwjaar 2023, 4.256 km. Uitrusting: 360° camera, ABS, Airbag bestuurder, Android Auto, Apple Carplay, Automatische Airconditioning, Automatische versnellingsbak, Boordcomputer. Gecontroleerde occasie met minimum 1 jaar garantie. Boek je testrit online.","https://nl.advusedcars.be/autos/tweedehands/vilvoorde/ford/e-transit/elektrisch/e-transit-l2-h2-power-on-board/15555/","Ford","E-Transit","2023","E Transit L2-H2 - POWER ON BOARD","4256","KM","39990.00 EUR","VAN","Zilver","Zwart","Used","WF0EXXTTRBNA89390","Automatic","ELECTRIC","Other","available",,"commercial","active","2025-08-20","379","1720955","{""addr1"":""Mechelsesteenweg 295"",""city"":""Vilvoorde"",""region"":""Vlaams-Brabant"",""postal_code"":""1800"",""country"":""BE""}","50.945310","4.442320","ADV-AB-VILVOORDE","AB Automotive Vilvoorde","+3222540310","AB Automotive Vilvoorde","Ford","Elektrisch","https://cdn-be.motork.net/dealer/datafiles/vehicle/images/800/121/DXdOQr2My6p8OSRo.jpg","https://cdn-be.motork.net/dealer/datafiles/vehicle/images/800/121/hvs3YLRPE7qKkZut.jpg","https://cdn-be.motork.net/dealer/datafiles/vehicle/images/800/121/M8mC2Bud9E3OeBpk.jpg","https://cdn-be.motork.net/dealer/datafiles/vehicle/images/800/121/eSuna480Bpa32xo0.jpg","https://cdn-be.motork.net/dealer/datafiles/vehicle/images/800/121/0yYrSk4IXPOkQ7Ql.jpg","https://cdn-be.motork.net/dealer/datafiles/vehicle/images/800/121/PLto9yErXOVADUDh.jpg","https://cdn-be.motork.net/dealer/datafiles/vehicle/images/800/121/yL3ieJxcPc8lCSIt.jpg","https://cdn-be.motork.net/dealer/datafiles/vehicle/images/800/121/apuR8HGKYd6x6HjE.jpg","https://cdn-be.motork.net/dealer/datafiles/vehicle/images/800/121/5RiGC53OVe48XoGF.jpg","https://cdn-be.motork.net/dealer/datafiles/vehicle/images/800/121/XgrtFUXhDerdAQuS.jpg","https://cdn-be.motork.net/dealer/datafiles/vehicle/images/800/121/LC303Zg49Ihm0jTy.jpg","https://cdn-be.motork.net/dealer/datafiles/vehicle/images/800/121/DmhBmBu1GyIhdpMh.jpg","https://cdn-be.motork.net/dealer/datafiles/vehicle/images/800/121/U7JpZolOR1HZ5KpM.jpg","https://cdn-be.motork.net/dealer/datafiles/vehicle/images/800/121/dyd9Kce183zM3o3K.jpg","https://cdn-be.motork.net/dealer/datafiles/vehicle/images/800/121/zzgWWwpzu9YELiCR.jpg","https://cdn-be.motork.net/dealer/datafiles/vehicle/images/800/121/x3osStedcmT4ZBT5.jpg","https://cdn-be.motork.net/dealer/datafiles/vehicle/images/800/121/o532ZtiVrOaIg1xt.jpg","https://cdn-be.motork.net/dealer/datafiles/vehicle/images/800/121/SRsfeTnraXy6FWrF.jpg","https://cdn-be.motork.net/dealer/datafiles/vehicle/images/800/121/AG5KBwjMmLfMKe62.jpg",
"15572","2022 Ford Focus Active - 17500km - Garantie","Ford Focus Active - 17500km - Garantie bij ADV Used Cars. Berline, Benzine, Manueel. Bouwjaar 2022, 17.682 km. Uitrusting: ABS, Achteruitrijcamera, Adaptive Cruise Control, Airbag bestuurder, Airbag passagier, Airbags lateraal, Alarm, All season banden. Gecontroleerde occasie met minimum 1 jaar garantie. Boek je testrit online.","https://nl.advusedcars.be/autos/tweedehands/vilvoorde/ford/focus/benzine/active-17500km-garantie/15572/","Ford","Focus","2022","Active - 17500km - Garantie","17682","KM","20990.00 EUR","SEDAN","Antraciet","Zwart","Used","WF0NXXGCHNNM75504","Manual","GASOLINE","Other","available",,"car_truck","active","2024-09-20","713","1582832","{""addr1"":""Schaarbeeklei 555"",""city"":""Vilvoorde"",""region"":""Vlaams-Brabant"",""postal_code"":""1800"",""country"":""BE""}","50.910626","4.417513","ADV-USEDCARS-VILVOORDE","ADV Used Cars","+3222546995","ADV Used Cars","Ford","Benzine","https://cdn-be.motork.net/dealer/datafiles/vehicle/images/800/121/POeNSBZko7UVCg9L.jpg","https://cdn-be.motork.net/dealer/datafiles/vehicle/images/800/121/bYEWP9qfnUkr3vH4.jpg","https://cdn-be.motork.net/dealer/datafiles/vehicle/images/800/121/8QP0PtEbaBes1S35.jpg","https://cdn-be.motork.net/dealer/datafiles/vehicle/images/800/121/554iY2DNKO0IfoqH.jpg","https://cdn-be.motork.net/dealer/datafiles/vehicle/images/800/121/jTOjTbeSbBHXVcmW.jpg","https://cdn-be.motork.net/dealer/datafiles/vehicle/images/800/121/Gw8KqmYsGehWuQiK.jpg","https://cdn-be.motork.net/dealer/datafiles/vehicle/images/800/121/1hjH4dLQ3u6CBKOU.jpg","https://cdn-be.motork.net/dealer/datafiles/vehicle/images/800/121/xB0iDQIVrFnOKPXM.jpg","https://cdn-be.motork.net/dealer/datafiles/vehicle/images/800/121/1FNqwPYPlM0XMi0j.jpg","https://cdn-be.motork.net/dealer/datafiles/vehicle/images/800/121/UZ5gFYOHN3hOvefS.jpg","https://cdn-be.motork.net/dealer/datafiles/vehicle/images/800/121/nI4weZW0TtimrS08.jpg","https://cdn-be.motork.net/dealer/datafiles/vehicle/images/800/121/9Iw2AaSHYYo9bgWf.jpg","https://cdn-be.motork.net/dealer/datafiles/vehicle/images/800/121/aZb0YF8zhragnHD6.jpg","https://cdn-be.motork.net/dealer/datafiles/vehicle/images/800/121/gNf6H4wclYiIvbm8.jpg","https://cdn-be.motork.net/dealer/datafiles/vehicle/images/800/121/eONTfpi9soOjhhjl.jpg","https://cdn-be.motork.net/dealer/datafiles/vehicle/images/800/121/p3ip8lQfARlhafs3.jpg","https://cdn-be.motork.net/dealer/datafiles/vehicle/images/800/121/NISyVGLHFeMOih6U.jpg","https://cdn-be.motork.net/dealer/datafiles/vehicle/images/800/121/qPiHvrjohLMIZYuD.jpg","https://cdn-be.motork.net/dealer/datafiles/vehicle/images/800/121/qb3iadSPuvZNWYWe.jpg","https://cdn-be.motork.net/dealer/datafiles/vehicle/images/800/121/PaOU62XVPHhNZGpm.jpg"
"15658","2024 Ford Kuga ST Line X - PHEV -","Ford Kuga ST Line X - PHEV - bij AB Automotive Vilvoorde. SUV, Benzine, Automaat. Bouwjaar 2024, 39.220 km. Uitrusting: ABS, Achteruitrijcamera, Adaptieve dimlichten, Adaptive Cruise Control, Airbag bestuurder, Airbags gordijnairbags, Airbags lateraal, Android Auto. Gecontroleerde occasie met minimum 1 jaar garantie. Boek je testrit online.","https://nl.advusedcars.be/autos/tweedehands/vilvoorde/ford/kuga/benzine/st-line-x-phev/15658/","Ford","Kuga","2024","ST Line X - PHEV -","39220","KM","31990.00 EUR","SUV","Zwart","Zwart","Used","WF0FXXWPMHPP46603","Automatic","GASOLINE","Other","available",,"car_truck","active","2024-09-22","711","1601106","{""addr1"":""Mechelsesteenweg 295"",""city"":""Vilvoorde"",""region"":""Vlaams-Brabant"",""postal_code"":""1800"",""country"":""BE""}","50.945310","4.442320","ADV-AB-VILVOORDE","AB Automotive Vilvoorde","+3222540310","AB Automotive Vilvoorde","Ford","Benzine","https://cdn-be.motork.net/dealer/datafiles/vehicle/images/800/121/QvfYw1zv3Txt91Cx.jpg","https://cdn-be.motork.net/dealer/datafiles/vehicle/images/800/121/BRcHZ2VMEwS8iazr.jpg","https://cdn-be.motork.net/dealer/datafiles/vehicle/images/800/121/xRNGGtLeX92OgLBo.jpg","https://cdn-be.motork.net/dealer/datafiles/vehicle/images/800/121/F2uBmuab9xuLixIY.jpg","https://cdn-be.motork.net/dealer/datafiles/vehicle/images/800/121/GKMcEg5wWQB9obaB.jpg","https://cdn-be.motork.net/dealer/datafiles/vehicle/images/800/121/DosXGVRz95FE8kWr.jpg","https://cdn-be.motork.net/dealer/datafiles/vehicle/images/800/121/6lyNujxfcPWSTg2S.jpg","https://cdn-be.motork.net/dealer/datafiles/vehicle/images/800/121/CEaJvqxir6nWitHF.jpg","https://cdn-be.motork.net/dealer/datafiles/vehicle/images/800/121/JJrddIYX5fICv0y0.jpg","https://cdn-be.motork.net/dealer/datafiles/vehicle/images/800/121/zklqsVFYkIODgZgG.jpg","https://cdn-be.motork.net/dealer/datafiles/vehicle/images/800/121/ClZprjGCOHmD3Gp3.jpg","https://cdn-be.motork.net/dealer/datafiles/vehicle/images/800/121/K0cHlkAafVtr7Lzm.jpg","https://cdn-be.motork.net/dealer/datafiles/vehicle/images/800/121/DK2h9Dk7UTTVqQdU.jpg","https://cdn-be.motork.net/dealer/datafiles/vehicle/images/800/121/vJ4E3NFWRl4jqqvj.jpg","https://cdn-be.motork.net/dealer/datafiles/vehicle/images/800/121/l3drplB9dP3P199f.jpg","https://cdn-be.motork.net/dealer/datafiles/vehicle/images/800/121/w70JgXeS3YAjRKY0.jpg","https://cdn-be.motork.net/dealer/datafiles/vehicle/images/800/121/uLSXRPDsbyddWLZK.jpg","https://cdn-be.motork.net/dealer/datafiles/vehicle/images/800/121/j7u8QweBtNJK8Js3.jpg","https://cdn-be.motork.net/dealer/datafiles/vehicle/images/800/121/ISklJ8Ozc7UZKGEI.jpg","https://cdn-be.motork.net/dealer/datafiles/vehicle/images/800/121/3h63RQ0Zrkxgodiq.jpg"
"15669","2023 Ford Focus Titanium - Clipper - Benzine","Ford Focus Titanium - Clipper - Benzine bij AB Automotive Vilvoorde. Break, Benzine, Manueel. Bouwjaar 2023, 69.718 km. Uitrusting: ABS, Airbag bestuurder, Airbag passagier, Airbags achteraan, Airbags gordijnairbags, Android Auto, Apple Carplay, Automatische Airconditioning. Gecontroleerde occasie met minimum 1 jaar garantie. Boek je testrit online.","https://nl.advusedcars.be/autos/tweedehands/vilvoorde/ford/focus/benzine/titanium-clipper-benzine/15669/","Ford","Focus","2023","Titanium - Clipper - Benzine","69718","KM","18990.00 EUR","WAGON","Blauw","Zwart","Used","WF0PXXGCHPPC32447","Manual","GASOLINE","Other","available",,"car_truck","active","2024-09-22","711","1619423","{""addr1"":""Mechelsesteenweg 295"",""city"":""Vilvoorde"",""region"":""Vlaams-Brabant"",""postal_code"":""1800"",""country"":""BE""}","50.945310","4.442320","ADV-AB-VILVOORDE","AB Automotive Vilvoorde","+3222540310","AB Automotive Vilvoorde","Ford","Benzine","https://cdn-be.motork.net/dealer/datafiles/vehicle/images/800/121/3Ete8bU8qSdxtRQr.jpg","https://cdn-be.motork.net/dealer/datafiles/vehicle/images/800/121/hZ7Hroy4h9JArkNv.jpg","https://cdn-be.motork.net/dealer/datafiles/vehicle/images/800/121/i4WNk4kiidPEiH0T.jpg","https://cdn-be.motork.net/dealer/datafiles/vehicle/images/800/121/sLpgUu8JjwAJOxqT.jpg","https://cdn-be.motork.net/dealer/datafiles/vehicle/images/800/121/0UY91TcpEQpc5U7g.jpg","https://cdn-be.motork.net/dealer/datafiles/vehicle/images/800/121/riAEcSfEKTx6oJvn.jpg","https://cdn-be.motork.net/dealer/datafiles/vehicle/images/800/121/9xZ6u3GCMSk1QnGo.jpg","https://cdn-be.motork.net/dealer/datafiles/vehicle/images/800/121/LEEC8FcUBgEFw0jH.jpg","https://cdn-be.motork.net/dealer/datafiles/vehicle/images/800/121/AQtNkxj0cH3uRBqY.jpg","https://cdn-be.motork.net/dealer/datafiles/vehicle/images/800/121/iJBvspbWy9Rgt1xu.jpg","https://cdn-be.motork.net/dealer/datafiles/vehicle/images/800/121/PKUNGSXvkSVHJx0S.jpg","https://cdn-be.motork.net/dealer/datafiles/vehicle/images/800/121/GerQp4u2msp7VN3z.jpg","https://cdn-be.motork.net/dealer/datafiles/vehicle/images/800/121/1HL6t3hLHUjBdKHQ.jpg","https://cdn-be.motork.net/dealer/datafiles/vehicle/images/800/121/iL6WZqZ9Eo8dSvrQ.jpg","https://cdn-be.motork.net/dealer/datafiles/vehicle/images/800/121/RJRfGiMVpVUwH24H.jpg","https://cdn-be.motork.net/dealer/datafiles/vehicle/images/800/121/r7z3f8WBzaNYrvxJ.jpg","https://cdn-be.motork.net/dealer/datafiles/vehicle/images/800/121/ir9vutCLPOnJ6cYk.jpg","https://cdn-be.motork.net/dealer/datafiles/vehicle/images/800/121/9IR86OQJB2j7o3js.jpg","https://cdn-be.motork.net/dealer/datafiles/vehicle/images/800/121/aXuLusQerYmWcEQT.jpg","https://cdn-be.motork.net/dealer/datafiles/vehicle/images/800/121/AFU5OlQcG5h5HAs3.jpg"
"15681","2022 Ford Focus St Line - Garantie","Ford Focus St Line - Garantie bij AB Automotive Vilvoorde. Berline, Benzine, Manueel. Bouwjaar 2022, 42.615 km. Uitrusting: 1er propriétaire, ABS, ATC - contrôle automatique de la traction, Accoudoir, Adaptive Cruise Control, Airbag conducteur, Airbag passager, Airbags latéraux. Gecontroleerde occasie met minimum 1 jaar garantie. Boek je testrit online.","https://nl.advusedcars.be/autos/tweedehands/vilvoorde/ford/focus/benzine/st-line-garantie/15681/","Ford","Focus","2022","St Line - Garantie","42615","KM","19990.00 EUR","SEDAN","Antraciet","Zwart","Used","WF0NXXGCHNNM82817","Manual","GASOLINE","Other","available",,"car_truck","active","2024-09-22","711","1551691","{""addr1"":""Mechelsesteenweg 295"",""city"":""Vilvoorde"",""region"":""Vlaams-Brabant"",""postal_code"":""1800"",""country"":""BE""}","50.945310","4.442320","ADV-AB-VILVOORDE","AB Automotive Vilvoorde","+3222540310","AB Automotive Vilvoorde","Ford","Benzine","https://cdn-be.motork.net/dealer/datafiles/vehicle/images/800/121/8x5fqi2M4lSDMSjO.jpg","https://cdn-be.motork.net/dealer/datafiles/vehicle/images/800/121/RhkMjsVtthJBkMSr.jpg","https://cdn-be.motork.net/dealer/datafiles/vehicle/images/800/121/t4Ev2VsDfpLhpbnP.jpg","https://cdn-be.motork.net/dealer/datafiles/vehicle/images/800/121/PSmAkIwasE6vIREd.jpg","https://cdn-be.motork.net/dealer/datafiles/vehicle/images/800/121/8O4x0p5fHv2NrcUW.jpg","https://cdn-be.motork.net/dealer/datafiles/vehicle/images/800/121/tqcJXN84pHG6yxjt.jpg","https://cdn-be.motork.net/dealer/datafiles/vehicle/images/800/121/ytnnWD7ZXq0EdBtT.jpg","https://cdn-be.motork.net/dealer/datafiles/vehicle/images/800/121/7VhuYYBQ6MUf9VJK.jpg","https://cdn-be.motork.net/dealer/datafiles/vehicle/images/800/121/UneLfLEtq3Ld8gWV.jpg","https://cdn-be.motork.net/dealer/datafiles/vehicle/images/800/121/H4nE9RQ590AM4uiM.jpg","https://cdn-be.motork.net/dealer/datafiles/vehicle/images/800/121/HGyaJzGAPihi75LT.jpg","https://cdn-be.motork.net/dealer/datafiles/vehicle/images/800/121/g3rleVsmZ0UzaEko.jpg","https://cdn-be.motork.net/dealer/datafiles/vehicle/images/800/121/wZIgtBHB9RE1I3d0.jpg","https://cdn-be.motork.net/dealer/datafiles/vehicle/images/800/121/3qOTbbNuEyONGqNm.jpg","https://cdn-be.motork.net/dealer/datafiles/vehicle/images/800/121/iQyFKamZww8Jj5zL.jpg","https://cdn-be.motork.net/dealer/datafiles/vehicle/images/800/121/sr5pkkZXC8AYmriy.jpg","https://cdn-be.motork.net/dealer/datafiles/vehicle/images/800/121/wVcdc0HHzoAekkCZ.jpg","https://cdn-be.motork.net/dealer/datafiles/vehicle/images/800/121/VdGrFjN8MC0nDgz8.jpg","https://cdn-be.motork.net/dealer/datafiles/vehicle/images/800/121/zak7dRjVaM0Pfb5f.jpg","https://cdn-be.motork.net/dealer/datafiles/vehicle/images/800/121/c9KEQNF4NoJdnCNG.jpg"
"16943","2022 Ford Focus St Line - Garantie","Ford Focus St Line - Garantie bij AB Automotive Vilvoorde. Berline, Benzine, Manueel. Bouwjaar 2022, 30.842 km. Uitrusting: ABS, Achteruitrijcamera, Adaptive Cruise Control, Airbag bestuurder, Airbag passagier, Airbags lateraal, Alarm, All season banden. Gecontroleerde occasie met minimum 1 jaar garantie. Boek je testrit online.","https://nl.advusedcars.be/autos/tweedehands/vilvoorde/ford/focus/benzine/st-line-garantie/16943/","Ford","Focus","2022","St Line - Garantie","30842","KM","19990.00 EUR","SEDAN","Zwart","Zwart","Used","WF0NXXGCHNNM81993","Manual","GASOLINE","Other","available",,"car_truck","active","2025-08-20","379","1729537","{""addr1"":""Mechelsesteenweg 295"",""city"":""Vilvoorde"",""region"":""Vlaams-Brabant"",""postal_code"":""1800"",""country"":""BE""}","50.945310","4.442320","ADV-AB-VILVOORDE","AB Automotive Vilvoorde","+3222540310","AB Automotive Vilvoorde","Ford","Benzine","https://cdn-be.motork.net/dealer/datafiles/vehicle/images/800/121/ibC9bUoeIdlccZgW.jpg","https://cdn-be.motork.net/dealer/datafiles/vehicle/images/800/121/2sg0wDzUw0ooUFl7.jpg","https://cdn-be.motork.net/dealer/datafiles/vehicle/images/800/121/wvPvITikQGuBfXxI.jpg","https://cdn-be.motork.net/dealer/datafiles/vehicle/images/800/121/PvPhX0BwOGw6uPf0.jpg","https://cdn-be.motork.net/dealer/datafiles/vehicle/images/800/121/ppC5v9vbtLAPemIO.jpg","https://cdn-be.motork.net/dealer/datafiles/vehicle/images/800/121/yB6UVMhVuen7tTv7.jpg","https://cdn-be.motork.net/dealer/datafiles/vehicle/images/800/121/v2GPuuq64Il7uyNe.jpg","https://cdn-be.motork.net/dealer/datafiles/vehicle/images/800/121/ABW61T6asa55qYMy.jpg","https://cdn-be.motork.net/dealer/datafiles/vehicle/images/800/121/OsNssv8Ckrn5j9CY.jpg","https://cdn-be.motork.net/dealer/datafiles/vehicle/images/800/121/T3qemgg5lQTZRV7P.jpg","https://cdn-be.motork.net/dealer/datafiles/vehicle/images/800/121/NiBMHIMy7UpKjI83.jpg","https://cdn-be.motork.net/dealer/datafiles/vehicle/images/800/121/7GSysY1uDF2YUr8Q.jpg","https://cdn-be.motork.net/dealer/datafiles/vehicle/images/800/121/jRbZehfiIwGzgxkx.jpg","https://cdn-be.motork.net/dealer/datafiles/vehicle/images/800/121/wVRQDlCUrQ7kK1Ix.jpg","https://cdn-be.motork.net/dealer/datafiles/vehicle/images/800/121/fbah2vXpGuEmZheR.jpg","https://cdn-be.motork.net/dealer/datafiles/vehicle/images/800/121/9M1UvSHCcMcRje5L.jpg","https://cdn-be.motork.net/dealer/datafiles/vehicle/images/800/121/CYvkhKVBpnsO5Qmy.jpg","https://cdn-be.motork.net/dealer/datafiles/vehicle/images/800/121/yo4PZ9m9S1UfcEU4.jpg",,
"19973","2024 Ford Kuga ST Line X / Black Edition / PHEV / Demowagen","Ford Kuga ST Line X / Black Edition / PHEV / Demowagen bij AB Automotive Vilvoorde. SUV, Benzine, Automaat. Bouwjaar 2024, 17.740 km. Uitrusting: ABS, Achteruitrijcamera, Adaptive Cruise Control, Airbag bestuurder, Airbags gordijnairbags, Airbags lateraal, Android Auto, Apple Carplay. Gecontroleerde occasie met minimum 1 jaar garantie. Boek je testrit online.","https://nl.advusedcars.be/autos/tweedehands/vilvoorde/ford/kuga/benzine/st-line-x-black-edition-phev-demowagen/19973/","Ford","Kuga","2024","ST Line X / Black Edition / PHEV / Demowagen","17740","KM","36990.00 EUR","SUV","Wit","Zwart","Used","WF0FXXWPMHNG14192","Automatic","GASOLINE","Other","available",,"car_truck","active","2024-11-18","654","1764242","{""addr1"":""Mechelsesteenweg 295"",""city"":""Vilvoorde"",""region"":""Vlaams-Brabant"",""postal_code"":""1800"",""country"":""BE""}","50.945310","4.442320","ADV-AB-VILVOORDE","AB Automotive Vilvoorde","+3222540310","AB Automotive Vilvoorde","Ford","Benzine","https://cdn-be.motork.net/dealer/datafiles/vehicle/images/800/121/4XPcE2uPXyAA57XL.jpg","https://cdn-be.motork.net/dealer/datafiles/vehicle/images/800/121/ORGWJ11bffO9j8xa.jpg","https://cdn-be.motork.net/dealer/datafiles/vehicle/images/800/121/n9lCyD9QsUmWq2UM.jpg","https://cdn-be.motork.net/dealer/datafiles/vehicle/images/800/121/DSlyYbPyGBdzKqlP.jpg","https://cdn-be.motork.net/dealer/datafiles/vehicle/images/800/121/iIzELJORSPJDpG6e.jpg","https://cdn-be.motork.net/dealer/datafiles/vehicle/images/800/121/be0KfR9a6n83bjGF.jpg","https://cdn-be.motork.net/dealer/datafiles/vehicle/images/800/121/QKu2U32DdsapRSoY.jpg","https://cdn-be.motork.net/dealer/datafiles/vehicle/images/800/121/kzTNYRrwRtryRaY0.jpg","https://cdn-be.motork.net/dealer/datafiles/vehicle/images/800/121/NoJiAkMRVqbBG3EV.jpg","https://cdn-be.motork.net/dealer/datafiles/vehicle/images/800/121/9FiDV03Rbv41s1fV.jpg","https://cdn-be.motork.net/dealer/datafiles/vehicle/images/800/121/0SfLAQhIFREHNE5Y.jpg","https://cdn-be.motork.net/dealer/datafiles/vehicle/images/800/121/nO8epjtemxaiYrqF.jpg","https://cdn-be.motork.net/dealer/datafiles/vehicle/images/800/121/TUWQS8nVNbt8AhpS.jpg","https://cdn-be.motork.net/dealer/datafiles/vehicle/images/800/121/p2mMDnjfHJet7FN2.jpg","https://cdn-be.motork.net/dealer/datafiles/vehicle/images/800/121/wmQe0uIMhFyqHBK8.jpg","https://cdn-be.motork.net/dealer/datafiles/vehicle/images/800/121/C4QyikJh991XTesb.jpg","https://cdn-be.motork.net/dealer/datafiles/vehicle/images/800/121/w3XAi12woO27aTi7.jpg","https://cdn-be.motork.net/dealer/datafiles/vehicle/images/800/121/Gk4bZD2OZpZr1qRm.jpg","https://cdn-be.motork.net/dealer/datafiles/vehicle/images/800/121/cqE7i4tYJZJSvC45.jpg",
"22130","2024 Ford Tourneo Custom 2.0 TD 136PK - 8 Plaatsen!!","Ford Tourneo Custom 2.0 TD 136PK - 8 Plaatsen!! bij ADV Used Cars. Monovolume, Diesel, Automaat. Bouwjaar 2024, 115 km. Uitrusting: 3 zones automatische airconditioning, ABS, Achteruitrijcamera, Achteruitrijcamera, Adaptieve dimlichten, Airbag bestuurder, Airbag bestuurder, Airbag passagier. Gecontroleerde occasie met minimum 1 jaar garantie. Boek je testrit online.","https://nl.advusedcars.be/autos/tweedehands/vilvoorde/ford/tourneo-custom/diesel/2-0-td-136pk-8-plaatsen/22130/","Ford","Tourneo Custom","2024","2.0 TD 136PK - 8 Plaatsen!!","115","KM","41950.00 EUR","MINIVAN","Grijs","Zwart","Used","WF0XXXTA3XRB18797","Automatic","DIESEL","Other","available",,"car_truck","active","2024-12-02","640","B765","{""addr1"":""Schaarbeeklei 555"",""city"":""Vilvoorde"",""region"":""Vlaams-Brabant"",""postal_code"":""1800"",""country"":""BE""}","50.910626","4.417513","ADV-USEDCARS-VILVOORDE","ADV Used Cars","+3222546995","ADV Used Cars","Ford","Diesel","https://cdn-be.motork.net/dealer/datafiles/vehicle/images/800/121/bDLGo3SYEKW67tdD.JPG","https://cdn-be.motork.net/dealer/datafiles/vehicle/images/800/121/g1kLQ1MinI4uKgwc.JPG","https://cdn-be.motork.net/dealer/datafiles/vehicle/images/800/121/5e2pHhqd8j8Fl3VJ.JPG","https://cdn-be.motork.net/dealer/datafiles/vehicle/images/800/121/Wodw5aZLCNvlKgTu.JPG","https://cdn-be.motork.net/dealer/datafiles/vehicle/images/800/121/jwOahMVi7ZUgbbes.JPG","https://cdn-be.motork.net/dealer/datafiles/vehicle/images/800/121/KwNnkS8UXM4rPzuc.JPG","https://cdn-be.motork.net/dealer/datafiles/vehicle/images/800/121/xMnFc9XQmCkBMOh2.JPG","https://cdn-be.motork.net/dealer/datafiles/vehicle/images/800/121/pBbx74ib5waCJuZz.JPG","https://cdn-be.motork.net/dealer/datafiles/vehicle/images/800/121/sTGwUnyvwoSKVWlu.JPG","https://cdn-be.motork.net/dealer/datafiles/vehicle/images/800/121/e6O6bqB4ky1n7nJu.JPG","https://cdn-be.motork.net/dealer/datafiles/vehicle/images/800/121/1upkz79DIxMZEHHB.JPG","https://cdn-be.motork.net/dealer/datafiles/vehicle/images/800/121/lAf4JyjS2u7oXkzR.JPG","https://cdn-be.motork.net/dealer/datafiles/vehicle/images/800/121/GBNTLN7Xe4vd5CK2.JPG","https://cdn-be.motork.net/dealer/datafiles/vehicle/images/800/121/X3zHbCgDa3jDRlHJ.JPG","https://cdn-be.motork.net/dealer/datafiles/vehicle/images/800/121/z8mL61KWA4ktcEP0.JPG","https://cdn-be.motork.net/dealer/datafiles/vehicle/images/800/121/rimpO71XMPm0fbVv.JPG",,,,
"25427","2024 Ford Puma New Puma - Titanium - Demowagen","Ford Puma New Puma - Titanium - Demowagen bij AB Automotive Vilvoorde. SUV, Benzine, Manueel. Bouwjaar 2024, 13.643 km. Uitrusting: ABS, Achteruitrijcamera, Airbag bestuurder, Airbag passagier, Android Auto, Apple Carplay, Automatische Airconditioning, Automatische lichten. Gecontroleerde occasie met minimum 1 jaar garantie. Boek je testrit online.","https://nl.advusedcars.be/autos/tweedehands/vilvoorde/ford/puma/benzine/new-puma-titanium-demowagen/25427/","Ford","Puma","2024","New Puma - Titanium - Demowagen","13643","KM","22990.00 EUR","SUV","Grijs","Zwart","Used","WF02XXERK2RD28439","Manual","GASOLINE","Other","available",,"car_truck","active","2025-08-20","379","1785740","{""addr1"":""Mechelsesteenweg 295"",""city"":""Vilvoorde"",""region"":""Vlaams-Brabant"",""postal_code"":""1800"",""country"":""BE""}","50.945310","4.442320","ADV-AB-VILVOORDE","AB Automotive Vilvoorde","+3222540310","AB Automotive Vilvoorde","Ford","Benzine","https://cdn-be.motork.net/dealer/datafiles/vehicle/images/800/121/Fpt1r8J1buHPu9gO.jpg","https://cdn-be.motork.net/dealer/datafiles/vehicle/images/800/121/AxOsoOKkTXQ0k5H4.jpg","https://cdn-be.motork.net/dealer/datafiles/vehicle/images/800/121/gn4LXn5FQ9mDUP5f.jpg","https://cdn-be.motork.net/dealer/datafiles/vehicle/images/800/121/iElYK7eiT1cHt9Vs.jpg","https://cdn-be.motork.net/dealer/datafiles/vehicle/images/800/121/pzj9uTuXt8iJBYwr.jpg","https://cdn-be.motork.net/dealer/datafiles/vehicle/images/800/121/ML2E4X5GomsbOuZB.jpg","https://cdn-be.motork.net/dealer/datafiles/vehicle/images/800/121/cq8Gekq3zyJivHFw.jpg","https://cdn-be.motork.net/dealer/datafiles/vehicle/images/800/121/sXTQihz0Zhc04Bh6.jpg","https://cdn-be.motork.net/dealer/datafiles/vehicle/images/800/121/rfPSgGTqjQLAeQKL.jpg","https://cdn-be.motork.net/dealer/datafiles/vehicle/images/800/121/7Wrszp54IVLgngWF.jpg","https://cdn-be.motork.net/dealer/datafiles/vehicle/images/800/121/nj09KFh8DYk4Wf3q.jpg","https://cdn-be.motork.net/dealer/datafiles/vehicle/images/800/121/zlKJRX5mlp47I4k9.jpg","https://cdn-be.motork.net/dealer/datafiles/vehicle/images/800/121/E9fV5zEnRv1FVFRp.jpg","https://cdn-be.motork.net/dealer/datafiles/vehicle/images/800/121/AQPzkCVACXKSJgY9.jpg","https://cdn-be.motork.net/dealer/datafiles/vehicle/images/800/121/qR9JyWXLAaYDpmfi.jpg","https://cdn-be.motork.net/dealer/datafiles/vehicle/images/800/121/43lY5GR7SRqAQLlN.jpg","https://cdn-be.motork.net/dealer/datafiles/vehicle/images/800/121/ztCISZxeTZqew0dY.jpg","https://cdn-be.motork.net/dealer/datafiles/vehicle/images/800/121/5c17ZCg31RCPmQju.jpg","https://cdn-be.motork.net/dealer/datafiles/vehicle/images/800/121/FrhRkJhDoKn07uad.jpg","https://cdn-be.motork.net/dealer/datafiles/vehicle/images/800/121/Xv7qeUgDozLNZvij.jpg"
"25428","2024 Ford Focus Titanium - Clipper - Benzine","Ford Focus Titanium - Clipper - Benzine bij AB Automotive Vilvoorde. Break, Benzine, Manueel. Bouwjaar 2024, 34.752 km. Uitrusting: ABS, Achteruitrijcamera, Adaptive Cruise Control, Airbag passagier, Airbags achteraan, Airbags lateraal, Android Auto, Apple Carplay. Gecontroleerde occasie met minimum 1 jaar garantie. Boek je testrit online.","https://nl.advusedcars.be/autos/tweedehands/vilvoorde/ford/focus/benzine/titanium-clipper-benzine/25428/","Ford","Focus","2024","Titanium - Clipper - Benzine","34752","KM","20990.00 EUR","WAGON","Antraciet","Zwart","Used","WF0PXXGCHPPT26342","Manual","GASOLINE","Other","available",,"car_truck","active","2025-01-03","608","1785916","{""addr1"":""Mechelsesteenweg 295"",""city"":""Vilvoorde"",""region"":""Vlaams-Brabant"",""postal_code"":""1800"",""country"":""BE""}","50.945310","4.442320","ADV-AB-VILVOORDE","AB Automotive Vilvoorde","+3222540310","AB Automotive Vilvoorde","Ford","Benzine","https://cdn-be.motork.net/dealer/datafiles/vehicle/images/800/121/ku0R097AkiMccWgu.jpg","https://cdn-be.motork.net/dealer/datafiles/vehicle/images/800/121/CTw8q41HXl3QSJwz.jpg","https://cdn-be.motork.net/dealer/datafiles/vehicle/images/800/121/0WggHvlwF7hotwCV.jpg","https://cdn-be.motork.net/dealer/datafiles/vehicle/images/800/121/VeTH4jkSnyX41vMm.jpg","https://cdn-be.motork.net/dealer/datafiles/vehicle/images/800/121/vkag1lkV8AMAz6XW.jpg","https://cdn-be.motork.net/dealer/datafiles/vehicle/images/800/121/cgatmCN6aS1ZA2AF.jpg","https://cdn-be.motork.net/dealer/datafiles/vehicle/images/800/121/sg2URBnxyh3SCrr8.jpg","https://cdn-be.motork.net/dealer/datafiles/vehicle/images/800/121/yQrgwgOIYzYuAYWW.jpg","https://cdn-be.motork.net/dealer/datafiles/vehicle/images/800/121/JNAoBwbN1VdcX550.jpg","https://cdn-be.motork.net/dealer/datafiles/vehicle/images/800/121/vmt8XY77gQwet9Do.jpg","https://cdn-be.motork.net/dealer/datafiles/vehicle/images/800/121/82JLyvODOU4vmfvH.jpg","https://cdn-be.motork.net/dealer/datafiles/vehicle/images/800/121/9NCiSasr5H5ujDud.jpg","https://cdn-be.motork.net/dealer/datafiles/vehicle/images/800/121/r2J8OuQEwBKyv9in.jpg","https://cdn-be.motork.net/dealer/datafiles/vehicle/images/800/121/VX660m8YbHCTLM5G.jpg","https://cdn-be.motork.net/dealer/datafiles/vehicle/images/800/121/Sceq4eMdyIDyQwBL.jpg","https://cdn-be.motork.net/dealer/datafiles/vehicle/images/800/121/iy5qB1lcv1eEhjcM.jpg","https://cdn-be.motork.net/dealer/datafiles/vehicle/images/800/121/kkWeQz7tnBIWVxBC.jpg","https://cdn-be.motork.net/dealer/datafiles/vehicle/images/800/121/fmq96SZNPnCdpSkC.jpg","https://cdn-be.motork.net/dealer/datafiles/vehicle/images/800/121/C00i4ldanXcDB8nE.jpg","https://cdn-be.motork.net/dealer/datafiles/vehicle/images/800/121/6JIipncUTQJ0DHlA.jpg"
"25655","2024 Ford Mustang Mach-E Mach E - GT - Demo wagen","Ford Mustang Mach-E Mach E - GT - Demo wagen bij AB Automotive Vilvoorde. Berline, Elektrisch, Automaat. Bouwjaar 2024, 35.855 km. Uitrusting: 360° camera, ABS, Achteruitrijcamera, Adaptive Cruise Control, Airbag bestuurder, Airbag passagier, Airbags achteraan, Airbags gordijnairbags. Gecontroleerde occasie met minimum 1 jaar garantie. Boek je testrit online.","https://nl.advusedcars.be/autos/tweedehands/vilvoorde/ford/mustang-mach-e/elektrisch/mach-e-gt-demo-wagen/25655/","Ford","Mustang Mach-E","2024","Mach E - GT - Demo wagen","35855","KM","57990.00 EUR","SEDAN","Antraciet","Zwart","Used","WF0TK4SX8PMA23067","Automatic","ELECTRIC","Other","available",,"car_truck","active","2025-08-20","379","1786911","{""addr1"":""Mechelsesteenweg 295"",""city"":""Vilvoorde"",""region"":""Vlaams-Brabant"",""postal_code"":""1800"",""country"":""BE""}","50.945310","4.442320","ADV-AB-VILVOORDE","AB Automotive Vilvoorde","+3222540310","AB Automotive Vilvoorde","Ford","Elektrisch","https://cdn-be.motork.net/dealer/datafiles/vehicle/images/800/121/P1bfaOGMW1GsueVp.jpg","https://cdn-be.motork.net/dealer/datafiles/vehicle/images/800/121/7OH1GCVnvi3TBJwb.jpg","https://cdn-be.motork.net/dealer/datafiles/vehicle/images/800/121/HwU3v6Z2GM7ISjyd.jpg","https://cdn-be.motork.net/dealer/datafiles/vehicle/images/800/121/ZXwKI8He8L1QGj6w.jpg","https://cdn-be.motork.net/dealer/datafiles/vehicle/images/800/121/Z5rX1fa3avwZMJfa.jpg","https://cdn-be.motork.net/dealer/datafiles/vehicle/images/800/121/lgcniH2eAb9ir3fh.jpg","https://cdn-be.motork.net/dealer/datafiles/vehicle/images/800/121/bjFA89M0LvYA2zzl.jpg","https://cdn-be.motork.net/dealer/datafiles/vehicle/images/800/121/k5DVT9HL0ieJzvnu.jpg","https://cdn-be.motork.net/dealer/datafiles/vehicle/images/800/121/FsLvA7t7xkcTegNm.jpg","https://cdn-be.motork.net/dealer/datafiles/vehicle/images/800/121/XT2zxNfQEbrBNY7F.jpg","https://cdn-be.motork.net/dealer/datafiles/vehicle/images/800/121/u0Q3S8dy5iPl1W1Q.jpg","https://cdn-be.motork.net/dealer/datafiles/vehicle/images/800/121/dSsp5x1UXFEf6bOe.jpg","https://cdn-be.motork.net/dealer/datafiles/vehicle/images/800/121/SP4T7A0EZAEYRINM.jpg","https://cdn-be.motork.net/dealer/datafiles/vehicle/images/800/121/oFQstWPXzxfwtxpG.jpg","https://cdn-be.motork.net/dealer/datafiles/vehicle/images/800/121/pNB1yErZd0INqj41.jpg","https://cdn-be.motork.net/dealer/datafiles/vehicle/images/800/121/5L5vLznDhxCaEEaB.jpg","https://cdn-be.motork.net/dealer/datafiles/vehicle/images/800/121/Zg9KVqqZOa94i2cP.jpg",,,
"35753","2024 Ford Capri NEW Capri E - AWD - 79kWh","Ford Capri NEW Capri E - AWD - 79kWh bij AB Automotive Vilvoorde. Berline, Elektrisch, Automaat. Bouwjaar 2024, 8.333 km. Uitrusting: 360° camera, 4x4, ABS, Achteruitrijcamera, Airbag bestuurder, Airbag passagier, Airbags gordijnairbags, Airbags lateraal. Gecontroleerde occasie met minimum 1 jaar garantie. Boek je testrit online.","https://nl.advusedcars.be/autos/tweedehands/vilvoorde/ford/capri/elektrisch/new-capri-e-awd-79kwh/35753/","Ford","Capri","2024","NEW Capri E - AWD - 79kWh","8333","KM","49990.00 EUR","SEDAN","Blauw","Zwart","Used","WF0SPCEF0SRY22554","Automatic","ELECTRIC","Other","available",,"car_truck","active","2025-08-20","379","1835296","{""addr1"":""Mechelsesteenweg 295"",""city"":""Vilvoorde"",""region"":""Vlaams-Brabant"",""postal_code"":""1800"",""country"":""BE""}","50.945310","4.442320","ADV-AB-VILVOORDE","AB Automotive Vilvoorde","+3222540310","AB Automotive Vilvoorde","Ford","Elektrisch","https://cdn-be.motork.net/dealer/datafiles/vehicle/images/800/121/lNBLZ04vcSeJNsnS.jpg","https://cdn-be.motork.net/dealer/datafiles/vehicle/images/800/121/ub5veajHcTeDO1Bv.jpg","https://cdn-be.motork.net/dealer/datafiles/vehicle/images/800/121/iew012W5C2BHx4aB.jpg","https://cdn-be.motork.net/dealer/datafiles/vehicle/images/800/121/r4qG9JMjKuCzuujX.jpg","https://cdn-be.motork.net/dealer/datafiles/vehicle/images/800/121/UObHoR3JEzBwlReS.jpg","https://cdn-be.motork.net/dealer/datafiles/vehicle/images/800/121/jRBDJWxzPG2GNTnZ.jpg","https://cdn-be.motork.net/dealer/datafiles/vehicle/images/800/121/pik7Egy5J3fO1bh7.jpg","https://cdn-be.motork.net/dealer/datafiles/vehicle/images/800/121/EAHZlY8WbFTgzoLl.jpg","https://cdn-be.motork.net/dealer/datafiles/vehicle/images/800/121/6opvrnJ4xu1QDWaf.jpg","https://cdn-be.motork.net/dealer/datafiles/vehicle/images/800/121/CAVAjB1LJKjWDsi8.jpg","https://cdn-be.motork.net/dealer/datafiles/vehicle/images/800/121/Mj0M03L09n954cwM.jpg","https://cdn-be.motork.net/dealer/datafiles/vehicle/images/800/121/h9PLrJBPfe6PNcBc.jpg","https://cdn-be.motork.net/dealer/datafiles/vehicle/images/800/121/9ftmE8MfoT6unnsM.jpg","https://cdn-be.motork.net/dealer/datafiles/vehicle/images/800/121/SwFj8MAoY1ZVrbw5.jpg","https://cdn-be.motork.net/dealer/datafiles/vehicle/images/800/121/8V6DkL5lU2eOhWye.jpg","https://cdn-be.motork.net/dealer/datafiles/vehicle/images/800/121/XHdeTsjfZhbic2U9.jpg","https://cdn-be.motork.net/dealer/datafiles/vehicle/images/800/121/iF3v1HpHq3CQqQxe.jpg","https://cdn-be.motork.net/dealer/datafiles/vehicle/images/800/121/7kurD3Kw4Ivh0NLK.jpg","https://cdn-be.motork.net/dealer/datafiles/vehicle/images/800/121/GP1RoUHW77fy8XzP.jpg",
"35756","2022 Ford Kuga Benzine - Manueel - St line","Ford Kuga Benzine - Manueel - St line bij AB Automotive Schaarbeek. SUV, Benzine, Manueel. Bouwjaar 2022, 42.238 km. Uitrusting: ABS, ATC - contrôle automatique de la traction, Accoudoir, Adaptive Cruise Control, Airbag conducteur, Airbag passager, Airbags latéraux, Airbags à l'arrière. Gecontroleerde occasie met minimum 1 jaar garantie. Boek je testrit online.","https://nl.advusedcars.be/autos/tweedehands/schaarbeek/ford/kuga/benzine/benzine-manueel-st-line/35756/","Ford","Kuga","2022","Benzine - Manueel - St line","42238","KM","24290.00 EUR","SUV","Grijs","Zwart","Used","WF0FXXWPMFMD16916","Manual","GASOLINE","Other","available",,"car_truck","active","2025-03-29","523","1835327","{""addr1"":""Jacques Georginlaan 11-13"",""city"":""Schaarbeek"",""region"":""Brussels Hoofdstedelijk Gewest"",""postal_code"":""1030"",""country"":""BE""}","50.856280","4.408640","ADV-AB-SCHAARBEEK","AB Automotive Schaarbeek","+3222050971","AB Automotive Schaarbeek","Ford","Benzine","https://cdn-be.motork.net/dealer/datafiles/vehicle/images/800/121/k45Oq1vuhM4Wy3s3.jpg","https://cdn-be.motork.net/dealer/datafiles/vehicle/images/800/121/glJOzpmi67CKqMoC.jpg","https://cdn-be.motork.net/dealer/datafiles/vehicle/images/800/121/nWD3YLuSVXHmPYFl.jpg","https://cdn-be.motork.net/dealer/datafiles/vehicle/images/800/121/dWjw9NCDfKECBCvp.jpg","https://cdn-be.motork.net/dealer/datafiles/vehicle/images/800/121/pAvjUJHOxmITtnNX.jpg","https://cdn-be.motork.net/dealer/datafiles/vehicle/images/800/121/DKn9aXqgHtGkQIrq.jpg","https://cdn-be.motork.net/dealer/datafiles/vehicle/images/800/121/MRNSTyWAzvk2p817.jpg","https://cdn-be.motork.net/dealer/datafiles/vehicle/images/800/121/Xb78uQkqTdXW0cMc.jpg","https://cdn-be.motork.net/dealer/datafiles/vehicle/images/800/121/MsLo5KQupo179hGK.jpg","https://cdn-be.motork.net/dealer/datafiles/vehicle/images/800/121/9Zaywyb51yPGiv01.jpg","https://cdn-be.motork.net/dealer/datafiles/vehicle/images/800/121/AmCqzRZ3Zb5krkdP.jpg","https://cdn-be.motork.net/dealer/datafiles/vehicle/images/800/121/PBcQtDKeYQtrQo2O.jpg","https://cdn-be.motork.net/dealer/datafiles/vehicle/images/800/121/TVWH50vxPDx08eTK.jpg","https://cdn-be.motork.net/dealer/datafiles/vehicle/images/800/121/mZcTRJ1UdLDl7Xi6.jpg","https://cdn-be.motork.net/dealer/datafiles/vehicle/images/800/121/r2ubUamglfGjW6LB.jpg","https://cdn-be.motork.net/dealer/datafiles/vehicle/images/800/121/2OgNFD5XLksuswto.jpg","https://cdn-be.motork.net/dealer/datafiles/vehicle/images/800/121/REOMLAs7qRugUn8o.jpg","https://cdn-be.motork.net/dealer/datafiles/vehicle/images/800/121/IeWBgY0ZViopHSOs.jpg","https://cdn-be.motork.net/dealer/datafiles/vehicle/images/800/121/TVoZuQWBhviaWOLJ.jpg","https://cdn-be.motork.net/dealer/datafiles/vehicle/images/800/121/kCu5S7puUPWWTrud.jpg"
"35931","2024 Ford Explorer New Explorer BEV - RWD - 77Kwh","Ford Explorer New Explorer BEV - RWD - 77Kwh bij AB Automotive Schaarbeek. SUV, Elektrisch, Automaat. Bouwjaar 2024, 14.422 km. Uitrusting: 360° camera, ABS, Adaptive Cruise Control, Airbag bestuurder, Airbag passagier, Airbags achteraan, Airbags lateraal, Android Auto. Gecontroleerde occasie met minimum 1 jaar garantie. Boek je testrit online.","https://nl.advusedcars.be/autos/tweedehands/schaarbeek/ford/explorer/elektrisch/new-explorer-bev-rwd-77kwh/35931/","Ford","Explorer","2024","New Explorer BEV - RWD - 77Kwh","14422","KM","38990.00 EUR","SUV","Zwart","Zwart","Used","WF0RPBEF2RRK87763","Automatic","ELECTRIC","Other","available",,"car_truck","active","2025-04-01","520","1785931","{""addr1"":""Jacques Georginlaan 11-13"",""city"":""Schaarbeek"",""region"":""Brussels Hoofdstedelijk Gewest"",""postal_code"":""1030"",""country"":""BE""}","50.856280","4.408640","ADV-AB-SCHAARBEEK","AB Automotive Schaarbeek","+3222050971","AB Automotive Schaarbeek","Ford","Elektrisch","https://cdn-be.motork.net/dealer/datafiles/vehicle/images/800/121/UcufGzhbl7hdySuZ.jpg","https://cdn-be.motork.net/dealer/datafiles/vehicle/images/800/121/g7A9eoEaDGWVqm2Z.jpg","https://cdn-be.motork.net/dealer/datafiles/vehicle/images/800/121/ppUDwhwoZd2P2Odi.jpg","https://cdn-be.motork.net/dealer/datafiles/vehicle/images/800/121/11QkTVUTMCf7Mxm3.jpg","https://cdn-be.motork.net/dealer/datafiles/vehicle/images/800/121/Qn7MK6UCMujx5Nuy.jpg","https://cdn-be.motork.net/dealer/datafiles/vehicle/images/800/121/Lxk8pmdr0kosmTWZ.jpg","https://cdn-be.motork.net/dealer/datafiles/vehicle/images/800/121/tOyPHE8XLgjF3NnQ.jpg","https://cdn-be.motork.net/dealer/datafiles/vehicle/images/800/121/X8QtgFdHwK4N0EEc.jpg","https://cdn-be.motork.net/dealer/datafiles/vehicle/images/800/121/Q2oFf8qxNNpBvd16.jpg","https://cdn-be.motork.net/dealer/datafiles/vehicle/images/800/121/bmzPKjq74jWlH6qO.jpg","https://cdn-be.motork.net/dealer/datafiles/vehicle/images/800/121/Aj99YvVnxxC42955.jpg","https://cdn-be.motork.net/dealer/datafiles/vehicle/images/800/121/dPXP9u4TnVNFR2k9.jpg","https://cdn-be.motork.net/dealer/datafiles/vehicle/images/800/121/3ql4QzZBRCa1JyyU.jpg","https://cdn-be.motork.net/dealer/datafiles/vehicle/images/800/121/fFm6mcs22ALj1tlt.jpg","https://cdn-be.motork.net/dealer/datafiles/vehicle/images/800/121/12kMLYlS2LOS5BKC.jpg","https://cdn-be.motork.net/dealer/datafiles/vehicle/images/800/121/6wdidKxVY20yAeRv.jpg","https://cdn-be.motork.net/dealer/datafiles/vehicle/images/800/121/TvF5xvzFjpxy2AEl.jpg","https://cdn-be.motork.net/dealer/datafiles/vehicle/images/800/121/4HbPsH7xYbxvre1p.jpg","https://cdn-be.motork.net/dealer/datafiles/vehicle/images/800/121/VOauQj3wwR2KqYWF.jpg",
"46404","2024 Ford Focus Active - 125Pk Mhev - garantie","Ford Focus Active - 125Pk Mhev - garantie bij AB Automotive Vilvoorde. Break, Benzine, Manueel. Bouwjaar 2024, 47.267 km. Uitrusting: ABS, Achteruitrijcamera, Adaptive Cruise Control, Airbag bestuurder, Airbag passagier, Airbags lateraal, Android Auto, Apple Carplay. Gecontroleerde occasie met minimum 1 jaar garantie. Boek je testrit online.","https://nl.advusedcars.be/autos/tweedehands/vilvoorde/ford/focus/benzine/active-125pk-mhev-garantie/46404/","Ford","Focus","2024","Active - 125Pk Mhev - garantie","47267","KM","24990.00 EUR","WAGON","Zilver","Zwart","Used","WF0PXXGCHPPE81871","Manual","GASOLINE","Other","available",,"car_truck","active","2025-08-20","379","1849085","{""addr1"":""Mechelsesteenweg 295"",""city"":""Vilvoorde"",""region"":""Vlaams-Brabant"",""postal_code"":""1800"",""country"":""BE""}","50.945310","4.442320","ADV-AB-VILVOORDE","AB Automotive Vilvoorde","+3222540310","AB Automotive Vilvoorde","Ford","Benzine","https://cdn-be.motork.net/dealer/datafiles/vehicle/images/800/121/ilf7Ph7iQPK68yUR.jpg","https://cdn-be.motork.net/dealer/datafiles/vehicle/images/800/121/39hxKZASMCykFBFg.jpg","https://cdn-be.motork.net/dealer/datafiles/vehicle/images/800/121/YlsfzlhKpmeDoQM2.jpg","https://cdn-be.motork.net/dealer/datafiles/vehicle/images/800/121/Sid8nm6Ui4BU8yqQ.jpg","https://cdn-be.motork.net/dealer/datafiles/vehicle/images/800/121/ZME5iJFjSxE3ze8I.jpg","https://cdn-be.motork.net/dealer/datafiles/vehicle/images/800/121/ZDI6ni60vsZ5ub5P.jpg","https://cdn-be.motork.net/dealer/datafiles/vehicle/images/800/121/VNblQ3luOcLF8bpJ.jpg","https://cdn-be.motork.net/dealer/datafiles/vehicle/images/800/121/y4ylb0eE5ERDfiQl.jpg","https://cdn-be.motork.net/dealer/datafiles/vehicle/images/800/121/ezPEPSQlGHHQHVpD.jpg","https://cdn-be.motork.net/dealer/datafiles/vehicle/images/800/121/zA8yamiUcw9e3CFB.jpg","https://cdn-be.motork.net/dealer/datafiles/vehicle/images/800/121/vLBQCf79I9CsmfRS.jpg","https://cdn-be.motork.net/dealer/datafiles/vehicle/images/800/121/AzwN0L1R9VWcbxVF.jpg","https://cdn-be.motork.net/dealer/datafiles/vehicle/images/800/121/7FY0YSEPZjDfAqRG.jpg","https://cdn-be.motork.net/dealer/datafiles/vehicle/images/800/121/y2SLJihAyBxGxYJz.jpg","https://cdn-be.motork.net/dealer/datafiles/vehicle/images/800/121/nGUnQnxBLBMs5F1I.jpg","https://cdn-be.motork.net/dealer/datafiles/vehicle/images/800/121/TBmkzN2Z4PuYdhM0.jpg","https://cdn-be.motork.net/dealer/datafiles/vehicle/images/800/121/NV7qcvsPo7xs5lZ7.jpg","https://cdn-be.motork.net/dealer/datafiles/vehicle/images/800/121/nDJ0Embt49jXmTNK.jpg","https://cdn-be.motork.net/dealer/datafiles/vehicle/images/800/121/biy3IfJ9CWLNzS3u.jpg",
"52450","2024 Ford Capri New Capri EV - 77 KWH - RWD","Ford Capri New Capri EV - 77 KWH - RWD bij AB Automotive Schaarbeek. Berline, Elektrisch, Automaat. Bouwjaar 2024, 39.450 km. Uitrusting: 360° camera, ABS, Adaptive Cruise Control, Airbag bestuurder, Airbag passagier, Airbags gordijnairbags, Airbags lateraal, Android Auto. Gecontroleerde occasie met minimum 1 jaar garantie. Boek je testrit online.","https://nl.advusedcars.be/autos/tweedehands/schaarbeek/ford/capri/elektrisch/new-capri-ev-77-kwh-rwd/52450/","Ford","Capri","2024","New Capri EV - 77 KWH - RWD","39450","KM","37990.00 EUR","SEDAN","Antraciet","Zwart","Used","WF0SPBEF7SRS35763","Automatic","ELECTRIC","Other","available",,"car_truck","active","2025-06-26","434","1874990","{""addr1"":""Jacques Georginlaan 11-13"",""city"":""Schaarbeek"",""region"":""Brussels Hoofdstedelijk Gewest"",""postal_code"":""1030"",""country"":""BE""}","50.856280","4.408640","ADV-AB-SCHAARBEEK","AB Automotive Schaarbeek","+3222050971","AB Automotive Schaarbeek","Ford","Elektrisch","https://cdn-be.motork.net/dealer/datafiles/vehicle/images/800/121/wQeAbIjFIvEaS918.jpg","https://cdn-be.motork.net/dealer/datafiles/vehicle/images/800/121/KVp3Mxvu6qIULXWZ.jpg","https://cdn-be.motork.net/dealer/datafiles/vehicle/images/800/121/8LwNbmzIc0FeHIsR.jpg","https://cdn-be.motork.net/dealer/datafiles/vehicle/images/800/121/zFCxF5tLT7jqvbmj.jpg","https://cdn-be.motork.net/dealer/datafiles/vehicle/images/800/121/Odpf9oDvAibFz1MC.jpg","https://cdn-be.motork.net/dealer/datafiles/vehicle/images/800/121/GNEETi1VUBJNX9OC.jpg","https://cdn-be.motork.net/dealer/datafiles/vehicle/images/800/121/Yefhr2N25bW6rmRC.jpg","https://cdn-be.motork.net/dealer/datafiles/vehicle/images/800/121/UCmpJaOB5sVZDMel.jpg","https://cdn-be.motork.net/dealer/datafiles/vehicle/images/800/121/tbO5t1LVpqEqbc4M.jpg","https://cdn-be.motork.net/dealer/datafiles/vehicle/images/800/121/1xKixalKN03NF5j5.jpg","https://cdn-be.motork.net/dealer/datafiles/vehicle/images/800/121/nj4C0i1B22qNOekE.jpg","https://cdn-be.motork.net/dealer/datafiles/vehicle/images/800/121/Y1mXyxYN1EQ5G5f2.jpg","https://cdn-be.motork.net/dealer/datafiles/vehicle/images/800/121/zdRhR00bFw42hqKR.jpg","https://cdn-be.motork.net/dealer/datafiles/vehicle/images/800/121/LTfEtqO6O66FgmW0.jpg","https://cdn-be.motork.net/dealer/datafiles/vehicle/images/800/121/gu0lp4yGjOsH9bzK.jpg","https://cdn-be.motork.net/dealer/datafiles/vehicle/images/800/121/s6OAPFHCNFFGj5Dp.jpg","https://cdn-be.motork.net/dealer/datafiles/vehicle/images/800/121/QalYpkR5GhgCtPBv.jpg",,,
"52823","2025 Ford Mustang Mach-E Mach E - RWD - 91Kwh - 294pk","Ford Mustang Mach-E Mach E - RWD - 91Kwh - 294pk bij AB Automotive Vilvoorde. Berline, Elektrisch, Automaat. Bouwjaar 2025, 22.208 km. Uitrusting: 360° camera, ABS, Adaptive Cruise Control, Airbag passagier, Airbags achteraan, Airbags gordijnairbags, Airbags lateraal, Alarm. Gecontroleerde occasie met minimum 1 jaar garantie. Boek je testrit online.","https://nl.advusedcars.be/autos/tweedehands/vilvoorde/ford/mustang-mach-e/elektrisch/mach-e-rwd-91kwh-294pk/52823/","Ford","Mustang Mach-E","2025","Mach E - RWD - 91Kwh - 294pk","22208","KM","57990.00 EUR","SEDAN","Grijs","Zwart","Used","WF0TK3R74RMA45120","Automatic","ELECTRIC","Other","available",,"car_truck","active","2025-08-20","379","1877917","{""addr1"":""Mechelsesteenweg 295"",""city"":""Vilvoorde"",""region"":""Vlaams-Brabant"",""postal_code"":""1800"",""country"":""BE""}","50.945310","4.442320","ADV-AB-VILVOORDE","AB Automotive Vilvoorde","+3222540310","AB Automotive Vilvoorde","Ford","Elektrisch","https://cdn-be.motork.net/dealer/datafiles/vehicle/images/800/121/2K3ocv05XoMfSP1Y.jpg","https://cdn-be.motork.net/dealer/datafiles/vehicle/images/800/121/7VDbvkqfcJSRyfal.jpg","https://cdn-be.motork.net/dealer/datafiles/vehicle/images/800/121/KG6ZxWj6NCDlqDGV.jpg","https://cdn-be.motork.net/dealer/datafiles/vehicle/images/800/121/l7TxhvQypy886EFP.jpg","https://cdn-be.motork.net/dealer/datafiles/vehicle/images/800/121/wIpd8LXz7CwiiHcZ.jpg","https://cdn-be.motork.net/dealer/datafiles/vehicle/images/800/121/nVmwI3o0vpv6eRW2.jpg","https://cdn-be.motork.net/dealer/datafiles/vehicle/images/800/121/J1JpS0NQwQBJaAyq.jpg","https://cdn-be.motork.net/dealer/datafiles/vehicle/images/800/121/CBFnBPEl2hytjE2u.jpg","https://cdn-be.motork.net/dealer/datafiles/vehicle/images/800/121/yxfVhgNkyByF0vcu.jpg","https://cdn-be.motork.net/dealer/datafiles/vehicle/images/800/121/ffgoiA4HyZesG5jc.jpg","https://cdn-be.motork.net/dealer/datafiles/vehicle/images/800/121/d7szMJ7HETXhMMzj.jpg","https://cdn-be.motork.net/dealer/datafiles/vehicle/images/800/121/1s9AFLdp1E37QcPV.jpg","https://cdn-be.motork.net/dealer/datafiles/vehicle/images/800/121/GSb68zLxpKJCA1mB.jpg","https://cdn-be.motork.net/dealer/datafiles/vehicle/images/800/121/BJHDUb1ZVIdTyUVB.jpg","https://cdn-be.motork.net/dealer/datafiles/vehicle/images/800/121/wqTasy7gkrEqKleo.jpg","https://cdn-be.motork.net/dealer/datafiles/vehicle/images/800/121/cB6oh3r2CXWQqivk.jpg","https://cdn-be.motork.net/dealer/datafiles/vehicle/images/800/121/oRVnUiapUnzs7MIx.jpg","https://cdn-be.motork.net/dealer/datafiles/vehicle/images/800/121/6DrgIQp89mbySzRF.jpg","https://cdn-be.motork.net/dealer/datafiles/vehicle/images/800/121/7fEL6cSbTWNGftS7.jpg","https://cdn-be.motork.net/dealer/datafiles/vehicle/images/800/121/gZiexMMQZBPWbre1.jpg"
"53963","2019 Ford Focus 100Pk - Garantie - GPS","Ford Focus 100Pk - Garantie - GPS bij AB Automotive Vilvoorde. Berline, Benzine, Manueel. Bouwjaar 2019, 61.762 km. Uitrusting: ABS, Accoudoir, Airbag conducteur, Airbag passager, Airbags latéraux, Android Auto, Antidémarrage, Antipatinage. Gecontroleerde occasie met minimum 1 jaar garantie. Boek je testrit online.","https://nl.advusedcars.be/autos/tweedehands/vilvoorde/ford/focus/benzine/100pk-garantie-gps/53963/","Ford","Focus","2019","100Pk - Garantie - GPS","61762","KM","14990.00 EUR","SEDAN","Antraciet","Zwart","Used","WF0NXXGCHNKD88825","Manual","GASOLINE","Other","available",,"car_truck","active","2025-07-08","422","1882133","{""addr1"":""Mechelsesteenweg 295"",""city"":""Vilvoorde"",""region"":""Vlaams-Brabant"",""postal_code"":""1800"",""country"":""BE""}","50.945310","4.442320","ADV-AB-VILVOORDE","AB Automotive Vilvoorde","+3222540310","AB Automotive Vilvoorde","Ford","Benzine","https://cdn-be.motork.net/dealer/datafiles/vehicle/images/800/121/0tkmftVCo8eRIUxr.jpg","https://cdn-be.motork.net/dealer/datafiles/vehicle/images/800/121/V8gsJo9d0O3xTfKa.jpg","https://cdn-be.motork.net/dealer/datafiles/vehicle/images/800/121/azGQyfy5AmLR9x19.jpg","https://cdn-be.motork.net/dealer/datafiles/vehicle/images/800/121/8okpAMkfUOXWoZPK.jpg","https://cdn-be.motork.net/dealer/datafiles/vehicle/images/800/121/lG7oBAT6Iu5V9aPs.jpg","https://cdn-be.motork.net/dealer/datafiles/vehicle/images/800/121/F6yFuGTyzVSfa9Og.jpg","https://cdn-be.motork.net/dealer/datafiles/vehicle/images/800/121/nOwG82W5jMSnevzN.jpg","https://cdn-be.motork.net/dealer/datafiles/vehicle/images/800/121/1TzQzGPlPZQzPt0l.jpg","https://cdn-be.motork.net/dealer/datafiles/vehicle/images/800/121/siBy8hPdrysaXbus.jpg","https://cdn-be.motork.net/dealer/datafiles/vehicle/images/800/121/pU3uEoGHkmpe2wqR.jpg","https://cdn-be.motork.net/dealer/datafiles/vehicle/images/800/121/pQ3FXlDJhWLZaei9.jpg","https://cdn-be.motork.net/dealer/datafiles/vehicle/images/800/121/i9GVW8U4O9WGyghU.jpg","https://cdn-be.motork.net/dealer/datafiles/vehicle/images/800/121/6dkBpzrySQqM0pbx.jpg","https://cdn-be.motork.net/dealer/datafiles/vehicle/images/800/121/jSoYPbC2YqSUIlrf.jpg","https://cdn-be.motork.net/dealer/datafiles/vehicle/images/800/121/KR1BG57YRoCnYPPt.jpg","https://cdn-be.motork.net/dealer/datafiles/vehicle/images/800/121/jnn9mIzX9odLosrB.jpg","https://cdn-be.motork.net/dealer/datafiles/vehicle/images/800/121/nEONeYA1cXXzLBEy.jpg","https://cdn-be.motork.net/dealer/datafiles/vehicle/images/800/121/sM2GZAwBNtfW4OAv.jpg","https://cdn-be.motork.net/dealer/datafiles/vehicle/images/800/121/CT3Cm91sZho48FMp.jpg","https://cdn-be.motork.net/dealer/datafiles/vehicle/images/800/121/dU4SIS9IycF65bKX.jpg"
"58163","2023 Ford Focus Connected - Clipper - Garantie","Ford Focus Connected - Clipper - Garantie bij AB Automotive Vilvoorde. Break, Benzine, Manueel. Bouwjaar 2023, 44.723 km. Uitrusting: 1er propriétaire, ABS, ATC - contrôle automatique de la traction, Accoudoir, Adaptive Cruise Control, Airbag conducteur, Airbag passager, Airbags latéraux. Gecontroleerde occasie met minimum 1 jaar garantie. Boek je testrit online.","https://nl.advusedcars.be/autos/tweedehands/vilvoorde/ford/focus/benzine/connected-clipper-garantie/58163/","Ford","Focus","2023","Connected - Clipper - Garantie","44723","KM","21490.00 EUR","WAGON","Antraciet","Zwart","Used","WF0PXXGCHPNU66649","Manual","GASOLINE","Other","available",,"car_truck","active","2025-08-26","373","1903546","{""addr1"":""Mechelsesteenweg 295"",""city"":""Vilvoorde"",""region"":""Vlaams-Brabant"",""postal_code"":""1800"",""country"":""BE""}","50.945310","4.442320","ADV-AB-VILVOORDE","AB Automotive Vilvoorde","+3222540310","AB Automotive Vilvoorde","Ford","Benzine","https://cdn-be.motork.net/dealer/datafiles/vehicle/images/800/121/IEFTnxXAtSWBVEH7.jpg","https://cdn-be.motork.net/dealer/datafiles/vehicle/images/800/121/QzfKUEkpfoLHA8Sx.jpg","https://cdn-be.motork.net/dealer/datafiles/vehicle/images/800/121/A3cMmTrq4QMUAMmc.jpg","https://cdn-be.motork.net/dealer/datafiles/vehicle/images/800/121/5fKREnqtt2JZXkas.jpg","https://cdn-be.motork.net/dealer/datafiles/vehicle/images/800/121/G0rxmDvrPunx0aMf.jpg","https://cdn-be.motork.net/dealer/datafiles/vehicle/images/800/121/dp169qvVAZdccsFV.jpg","https://cdn-be.motork.net/dealer/datafiles/vehicle/images/800/121/dJsggce3ztboRwCG.jpg","https://cdn-be.motork.net/dealer/datafiles/vehicle/images/800/121/2byyXd0C60ljXZ0M.jpg","https://cdn-be.motork.net/dealer/datafiles/vehicle/images/800/121/H9T1SkSa46w3uiTK.jpg","https://cdn-be.motork.net/dealer/datafiles/vehicle/images/800/121/rZVNPiiaHbfqR8No.jpg","https://cdn-be.motork.net/dealer/datafiles/vehicle/images/800/121/pYbUmxPv9oAgHbSE.jpg","https://cdn-be.motork.net/dealer/datafiles/vehicle/images/800/121/fprZJY07IF1Eazgv.jpg","https://cdn-be.motork.net/dealer/datafiles/vehicle/images/800/121/90fpSQxCfgpl9D8A.jpg","https://cdn-be.motork.net/dealer/datafiles/vehicle/images/800/121/xBBhjcWsyqwOJH8v.jpg","https://cdn-be.motork.net/dealer/datafiles/vehicle/images/800/121/QvxD7pMcz9yjCrmM.jpg","https://cdn-be.motork.net/dealer/datafiles/vehicle/images/800/121/3Oi3Szk2Z3i9LPlc.jpg","https://cdn-be.motork.net/dealer/datafiles/vehicle/images/800/121/Y700hhQLMmgDPAHF.jpg","https://cdn-be.motork.net/dealer/datafiles/vehicle/images/800/121/1njF62MpBCNbfiiS.jpg","https://cdn-be.motork.net/dealer/datafiles/vehicle/images/800/121/Myw5DxwO8HJ35nwJ.jpg","https://cdn-be.motork.net/dealer/datafiles/vehicle/images/800/121/eBek4U9H4fE5xNLo.jpg"
"58206","2024 Ford Explorer New Explorer Ev - Premium - 79Kwh - 340pk","Ford Explorer New Explorer Ev - Premium - 79Kwh - 340pk bij AB Automotive Vilvoorde. Monovolume, Elektrisch, Automaat. Bouwjaar 2024, 27 km. Uitrusting: 360° camera, 4x4, ABS, Achteruitrijcamera, Adaptive Cruise Control, Airbag bestuurder, Airbag passagier, Airbags achteraan. Gecontroleerde occasie met minimum 1 jaar garantie. Boek je testrit online.","https://nl.advusedcars.be/autos/tweedehands/vilvoorde/ford/explorer/elektrisch/new-explorer-ev-premium-79kwh-340pk/58206/","Ford","Explorer","2024","New Explorer Ev - Premium - 79Kwh - 340pk","27","KM","51790.00 EUR","MINIVAN","Blauw","Zwart","Used","WF0RPCEF0RRD01197","Automatic","ELECTRIC","Other","available",,"car_truck","active","2025-08-26","373","1903611","{""addr1"":""Mechelsesteenweg 295"",""city"":""Vilvoorde"",""region"":""Vlaams-Brabant"",""postal_code"":""1800"",""country"":""BE""}","50.945310","4.442320","ADV-AB-VILVOORDE","AB Automotive Vilvoorde","+3222540310","AB Automotive Vilvoorde","Ford","Elektrisch","https://cdn-be.motork.net/dealer/datafiles/vehicle/images/800/121/ly37kE0QkCr4PKhj.jpg","https://cdn-be.motork.net/dealer/datafiles/vehicle/images/800/121/lFhKpfKLPA1ncnj2.jpg","https://cdn-be.motork.net/dealer/datafiles/vehicle/images/800/121/OVr5RXiqpDMcxgr2.jpg","https://cdn-be.motork.net/dealer/datafiles/vehicle/images/800/121/6CNVuaLPMz16KPfe.jpg","https://cdn-be.motork.net/dealer/datafiles/vehicle/images/800/121/DLguZsFCRumD0YGu.jpg","https://cdn-be.motork.net/dealer/datafiles/vehicle/images/800/121/TBVQsyksPe0Hb2VM.jpg","https://cdn-be.motork.net/dealer/datafiles/vehicle/images/800/121/EetUXq4AGBuSUSXX.jpg","https://cdn-be.motork.net/dealer/datafiles/vehicle/images/800/121/2ByZKKhkgyjShU4i.jpg","https://cdn-be.motork.net/dealer/datafiles/vehicle/images/800/121/zYOkuiZZfaq0v8pA.jpg","https://cdn-be.motork.net/dealer/datafiles/vehicle/images/800/121/enYzRGKYVPQ0YuFw.jpg","https://cdn-be.motork.net/dealer/datafiles/vehicle/images/800/121/2d5TK0bkaOx1AvhI.jpg","https://cdn-be.motork.net/dealer/datafiles/vehicle/images/800/121/c7mjpmWuwWzbM0E4.jpg","https://cdn-be.motork.net/dealer/datafiles/vehicle/images/800/121/TSGTmn0Rj2N6FHzI.jpg","https://cdn-be.motork.net/dealer/datafiles/vehicle/images/800/121/0JX1e4RMiCWoA3dt.jpg","https://cdn-be.motork.net/dealer/datafiles/vehicle/images/800/121/FOcjOdKbd2nzu3y7.jpg","https://cdn-be.motork.net/dealer/datafiles/vehicle/images/800/121/vnQkXR4U4xw3iNJN.jpg","https://cdn-be.motork.net/dealer/datafiles/vehicle/images/800/121/SBYPA8g5ZtOAYKRq.jpg","https://cdn-be.motork.net/dealer/datafiles/vehicle/images/800/121/TcpnaudlWDwpSocK.jpg",,
"60091","2021 Ford Focus Benzine 100pk - GPS","Ford Focus Benzine 100pk - GPS bij AB Automotive Vilvoorde. Break, Benzine, Manueel. Bouwjaar 2021, 30.921 km. Uitrusting: ABS, Achteruitrijcamera, Airbag bestuurder, Airbag passagier, Airbags gordijnairbags, Airbags lateraal, Airconditioning manueel, Alarm. Gecontroleerde occasie met minimum 1 jaar garantie. Boek je testrit online.","https://nl.advusedcars.be/autos/tweedehands/vilvoorde/ford/focus/benzine/benzine-100pk-gps/60091/","Ford","Focus","2021","Benzine 100pk - GPS","30921","KM","16990.00 EUR","WAGON","Antraciet","Zwart","Used","WF0PXXGCHPMC64997","Manual","GASOLINE","Other","available",,"car_truck","active","2025-09-12","356","1911666","{""addr1"":""Mechelsesteenweg 295"",""city"":""Vilvoorde"",""region"":""Vlaams-Brabant"",""postal_code"":""1800"",""country"":""BE""}","50.945310","4.442320","ADV-AB-VILVOORDE","AB Automotive Vilvoorde","+3222540310","AB Automotive Vilvoorde","Ford","Benzine","https://cdn-be.motork.net/dealer/datafiles/vehicle/images/800/121/EWrupSO6fRJlfCkn.jpg","https://cdn-be.motork.net/dealer/datafiles/vehicle/images/800/121/GOxjOYJpQdPDfBPE.jpg","https://cdn-be.motork.net/dealer/datafiles/vehicle/images/800/121/PniuUKxu5YrG7w3Z.jpg","https://cdn-be.motork.net/dealer/datafiles/vehicle/images/800/121/ZurjaVKZk6n92lvd.jpg","https://cdn-be.motork.net/dealer/datafiles/vehicle/images/800/121/Eox9D14es2tbbn8P.jpg","https://cdn-be.motork.net/dealer/datafiles/vehicle/images/800/121/ypmVbmrMZJErAFL4.jpg","https://cdn-be.motork.net/dealer/datafiles/vehicle/images/800/121/zPjkM5sMd4B7qGWG.jpg","https://cdn-be.motork.net/dealer/datafiles/vehicle/images/800/121/Rk09nBcPH8pitWYe.jpg","https://cdn-be.motork.net/dealer/datafiles/vehicle/images/800/121/ue2sU0B4w83xRvUI.jpg","https://cdn-be.motork.net/dealer/datafiles/vehicle/images/800/121/Q33LNDkpkUHRCCnu.jpg","https://cdn-be.motork.net/dealer/datafiles/vehicle/images/800/121/6ltmvVANOybqREui.jpg","https://cdn-be.motork.net/dealer/datafiles/vehicle/images/800/121/qAbkANv260t0pB3R.jpg","https://cdn-be.motork.net/dealer/datafiles/vehicle/images/800/121/xA5KJXOxPARw5UlF.jpg","https://cdn-be.motork.net/dealer/datafiles/vehicle/images/800/121/auRlhKCzjfRBzbBd.jpg","https://cdn-be.motork.net/dealer/datafiles/vehicle/images/800/121/wW98KBaCniHb6zfG.jpg","https://cdn-be.motork.net/dealer/datafiles/vehicle/images/800/121/efAw26OagvNns3Fb.jpg","https://cdn-be.motork.net/dealer/datafiles/vehicle/images/800/121/qD5fwt51QumCXVSj.jpg","https://cdn-be.motork.net/dealer/datafiles/vehicle/images/800/121/vVtH2GMgkFFM2tRx.jpg","https://cdn-be.motork.net/dealer/datafiles/vehicle/images/800/121/EwqgNZn75APDjEdC.jpg","https://cdn-be.motork.net/dealer/datafiles/vehicle/images/800/121/uAU8Y4h0b15YZ29u.jpg"
"62759","2025 Ford Puma New Puma Gen E / Premium / 43Kwh","Ford Puma New Puma Gen E / Premium / 43Kwh bij AB Automotive Schaarbeek. SUV, Elektrisch, Automaat. Bouwjaar 2025, 20 km. Uitrusting: 1er propriétaire, 360° caméra, ABS, ATC - contrôle automatique de la traction, Accoudoir, Adaptive Cruise Control, Airbag conducteur, Airbag passager. Gecontroleerde occasie met minimum 1 jaar garantie. Boek je testrit online.","https://nl.advusedcars.be/autos/tweedehands/schaarbeek/ford/puma/elektrisch/new-puma-gen-e-premium-43kwh/62759/","Ford","Puma","2025","New Puma Gen E / Premium / 43Kwh","20","KM","32990.00 EUR","SUV","Zwart","Grijs","Used","WF02XXERK1SU84905","Automatic","ELECTRIC","Other","available",,"car_truck","active","2025-10-04","334","1921008","{""addr1"":""Jacques Georginlaan 11-13"",""city"":""Schaarbeek"",""region"":""Brussels Hoofdstedelijk Gewest"",""postal_code"":""1030"",""country"":""BE""}","50.856280","4.408640","ADV-AB-SCHAARBEEK","AB Automotive Schaarbeek","+3222050971","AB Automotive Schaarbeek","Ford","Elektrisch","https://cdn-be.motork.net/dealer/datafiles/vehicle/images/800/121/jTLFUJiM8vq9Fpkb.jpg","https://cdn-be.motork.net/dealer/datafiles/vehicle/images/800/121/tLq5vziYnSLZW8qA.jpg","https://cdn-be.motork.net/dealer/datafiles/vehicle/images/800/121/8zdJwrXA4NDI90G3.jpg","https://cdn-be.motork.net/dealer/datafiles/vehicle/images/800/121/3A96W5ZKQlPWWz6U.jpg","https://cdn-be.motork.net/dealer/datafiles/vehicle/images/800/121/KtL3CbzjNldhud9n.jpg","https://cdn-be.motork.net/dealer/datafiles/vehicle/images/800/121/AlnWxhIwxtUTJBMx.jpg","https://cdn-be.motork.net/dealer/datafiles/vehicle/images/800/121/hJqxXD6OoalafyCi.jpg","https://cdn-be.motork.net/dealer/datafiles/vehicle/images/800/121/I3UKAaE2ioH4fFkG.jpg","https://cdn-be.motork.net/dealer/datafiles/vehicle/images/800/121/fVtZNzD1nQNEOrZU.jpg","https://cdn-be.motork.net/dealer/datafiles/vehicle/images/800/121/bj6eFKtK8uSZn5RZ.jpg","https://cdn-be.motork.net/dealer/datafiles/vehicle/images/800/121/9wd5QlllQiIFCeEz.jpg","https://cdn-be.motork.net/dealer/datafiles/vehicle/images/800/121/LOlamcYFAZq1Tpsd.jpg","https://cdn-be.motork.net/dealer/datafiles/vehicle/images/800/121/cPZHgZVP4aKiBHCI.jpg","https://cdn-be.motork.net/dealer/datafiles/vehicle/images/800/121/fB8Bcamj0Pd9yYGG.jpg","https://cdn-be.motork.net/dealer/datafiles/vehicle/images/800/121/Eajz8Ckk2ewz1uaN.jpg","https://cdn-be.motork.net/dealer/datafiles/vehicle/images/800/121/TJHO9LlgOwAdviHi.jpg","https://cdn-be.motork.net/dealer/datafiles/vehicle/images/800/121/j1konkjXnu5QQzOO.jpg","https://cdn-be.motork.net/dealer/datafiles/vehicle/images/800/121/U30lhHrlielKiRXF.jpg","https://cdn-be.motork.net/dealer/datafiles/vehicle/images/800/121/cBtCuljm0hVPcd8K.jpg","https://cdn-be.motork.net/dealer/datafiles/vehicle/images/800/121/0a6ODSvM4BTVA50Y.jpg"
"62841","2025 Ford Transit Courier E COURIER / BEV / DEMO","Ford Transit Courier E COURIER / BEV / DEMO bij AB Automotive Vilvoorde. Bestelwagen, Elektrisch, Automaat. Bouwjaar 2025, 850 km. Uitrusting: 1er propriétaire, ABS, ATC - contrôle automatique de la traction, Adaptive Cruise Control, Airbag conducteur, Airbag passager, Airbags latéraux, Airbags à l'arrière. Gecontroleerde occasie met minimum 1 jaar garantie. Boek je testrit online.","https://nl.advusedcars.be/autos/tweedehands/vilvoorde/ford/transit-courier/elektrisch/e-courier-bev-demo/62841/","Ford","Transit Courier","2025","E COURIER / BEV / DEMO","850","KM","31490.00 EUR","VAN","Grijs","Grijs","Used","WF04NCERX4SU00067","Automatic","ELECTRIC","Other","available",,"commercial","active","2025-10-06","332","1921522","{""addr1"":""Mechelsesteenweg 295"",""city"":""Vilvoorde"",""region"":""Vlaams-Brabant"",""postal_code"":""1800"",""country"":""BE""}","50.945310","4.442320","ADV-AB-VILVOORDE","AB Automotive Vilvoorde","+3222540310","AB Automotive Vilvoorde","Ford","Elektrisch","https://cdn-be.motork.net/dealer/datafiles/vehicle/images/800/121/071E9zY4IF7lgLzd.jpg","https://cdn-be.motork.net/dealer/datafiles/vehicle/images/800/121/UxOYlIScMueqG11m.jpg","https://cdn-be.motork.net/dealer/datafiles/vehicle/images/800/121/nj6BuA06dIrr5M4W.jpg","https://cdn-be.motork.net/dealer/datafiles/vehicle/images/800/121/E52yuXIP61Zyk4WJ.jpg","https://cdn-be.motork.net/dealer/datafiles/vehicle/images/800/121/L2dC6NkDL1tuPgPi.jpg","https://cdn-be.motork.net/dealer/datafiles/vehicle/images/800/121/yXzPuBvZKbS4G4Ee.jpg","https://cdn-be.motork.net/dealer/datafiles/vehicle/images/800/121/S6cZOEC5ikRezSZh.jpg","https://cdn-be.motork.net/dealer/datafiles/vehicle/images/800/121/xFVAr91i7YH6wRyr.jpg","https://cdn-be.motork.net/dealer/datafiles/vehicle/images/800/121/gevYSJpWjspL1NcP.jpg","https://cdn-be.motork.net/dealer/datafiles/vehicle/images/800/121/i4PbdeWDMvtwzTz9.jpg","https://cdn-be.motork.net/dealer/datafiles/vehicle/images/800/121/xEM3NprGloZ9MUqQ.jpg","https://cdn-be.motork.net/dealer/datafiles/vehicle/images/800/121/jH4A3JJ7FAdpkQKJ.jpg","https://cdn-be.motork.net/dealer/datafiles/vehicle/images/800/121/7ZUwl8jALsDEStvM.jpg","https://cdn-be.motork.net/dealer/datafiles/vehicle/images/800/121/SaMTBcYSp2zMsIAu.jpg","https://cdn-be.motork.net/dealer/datafiles/vehicle/images/800/121/9wA2Cv9yzqThhQDp.jpg","https://cdn-be.motork.net/dealer/datafiles/vehicle/images/800/121/yJtAq6Hkc84vKt57.jpg","https://cdn-be.motork.net/dealer/datafiles/vehicle/images/800/121/cxnkFhwqRYmOdRP3.jpg","https://cdn-be.motork.net/dealer/datafiles/vehicle/images/800/121/bbl7ENriNOXxeCkM.jpg","https://cdn-be.motork.net/dealer/datafiles/vehicle/images/800/121/xX4sAnsdH305duMQ.jpg","https://cdn-be.motork.net/dealer/datafiles/vehicle/images/800/121/6cBvfAj3YdQ8cNSg.jpg"
"65602","2024 Ford Kuga New St line - PHEV - Demo","Ford Kuga New St line - PHEV - Demo bij AB Automotive Schaarbeek. SUV, Benzine, Automaat. Bouwjaar 2024, 43.770 km. Uitrusting: ABS, Achteruitrijcamera, Airbag bestuurder, Airbags lateraal, Android Auto, Apple Carplay, Automatische Airconditioning, Automatische lichten. Gecontroleerde occasie met minimum 1 jaar garantie. Boek je testrit online.","https://nl.advusedcars.be/autos/tweedehands/schaarbeek/ford/kuga/benzine/new-st-line-phev-demo/65602/","Ford","Kuga","2024","New St line - PHEV - Demo","43770","KM","35290.00 EUR","SUV","Zwart","Zwart","Used","WF0FXXWPMHRC16511","Automatic","GASOLINE","Other","available",,"car_truck","active","2025-10-21","317","1717932","{""addr1"":""Jacques Georginlaan 11-13"",""city"":""Schaarbeek"",""region"":""Brussels Hoofdstedelijk Gewest"",""postal_code"":""1030"",""country"":""BE""}","50.856280","4.408640","ADV-AB-SCHAARBEEK","AB Automotive Schaarbeek","+3222050971","AB Automotive Schaarbeek","Ford","Benzine","https://cdn-be.motork.net/dealer/datafiles/vehicle/images/800/121/JYVECuwSOax3hcyI.jpg","https://cdn-be.motork.net/dealer/datafiles/vehicle/images/800/121/f9wIueWrwJpgsUQK.jpg","https://cdn-be.motork.net/dealer/datafiles/vehicle/images/800/121/0Mc5vG1evrsA8AjL.jpg","https://cdn-be.motork.net/dealer/datafiles/vehicle/images/800/121/Rfrzg71UbRVnIOLL.jpg","https://cdn-be.motork.net/dealer/datafiles/vehicle/images/800/121/WxPBK7TIAhe65kZX.jpg","https://cdn-be.motork.net/dealer/datafiles/vehicle/images/800/121/HGswiNWkG0mFbnh9.jpg","https://cdn-be.motork.net/dealer/datafiles/vehicle/images/800/121/tzTPypxQNFW3zZM1.jpg","https://cdn-be.motork.net/dealer/datafiles/vehicle/images/800/121/mR2EClpeEUYISjAE.jpg","https://cdn-be.motork.net/dealer/datafiles/vehicle/images/800/121/0f0F0dxof4Elxle5.jpg","https://cdn-be.motork.net/dealer/datafiles/vehicle/images/800/121/Oy6Grt5aYpwUIS8z.jpg","https://cdn-be.motork.net/dealer/datafiles/vehicle/images/800/121/j2gEMlkZoCaxwz7Z.jpg","https://cdn-be.motork.net/dealer/datafiles/vehicle/images/800/121/JSoHjvHTZWsj8g19.jpg","https://cdn-be.motork.net/dealer/datafiles/vehicle/images/800/121/bls1PZMIlnCDjYC2.jpg","https://cdn-be.motork.net/dealer/datafiles/vehicle/images/800/121/O815G4sdM3XVvQQK.jpg","https://cdn-be.motork.net/dealer/datafiles/vehicle/images/800/121/BZilCjYWRD041VrV.jpg","https://cdn-be.motork.net/dealer/datafiles/vehicle/images/800/121/24XlkvEW6hiKAQhL.jpg","https://cdn-be.motork.net/dealer/datafiles/vehicle/images/800/121/6gwSEa33FpFtxJ37.jpg","https://cdn-be.motork.net/dealer/datafiles/vehicle/images/800/121/4RO08BF8ZdLdAnio.jpg","https://cdn-be.motork.net/dealer/datafiles/vehicle/images/800/121/3l7ye7pJ9m8R5PbI.jpg",
"69190","2022 Ford Focus EcoBoost mHEV Titanium X","Ford Focus EcoBoost mHEV Titanium X bij AB Automotive Vilvoorde. Break, Benzine, Manueel. Bouwjaar 2022, 54.578 km. Uitrusting: 12V aansluiting in de kofferruimte, 16'' lichtmetalen velgen - ''Sparkle Silver'' - 5 dubbele spaken - banden 205/60 R16, 17'' lichtmetalen velgen - ''Luster Nickel'' - 10 dubbele spaken - banden 215/50 R17, 4-weg manueel instelbare bestuurderszetel met lendensteun, 4-weg manueel instelbare passagierszetel met lendensteun, ABS met elektronische remkrachtverdeling, Achteruitrijcamera, Achteruitrijcamera. Gecontroleerde occasie met minimum 1 jaar garantie. Boek je testrit online.","https://nl.advusedcars.be/autos/tweedehands/vilvoorde/ford/focus/benzine/ecoboost-mhev-titanium-x/69190/","Ford","Focus","2022","EcoBoost mHEV Titanium X","54578","KM","17290.00 EUR","WAGON","Blauw","Zwart","Used","WF0NXXGCHNNM79658","Manual","GASOLINE","FWD","available",,"car_truck","active","2025-11-18","289","69190","{""addr1"":""Mechelsesteenweg 295"",""city"":""Vilvoorde"",""region"":""Vlaams-Brabant"",""postal_code"":""1800"",""country"":""BE""}","50.945310","4.442320","ADV-AB-VILVOORDE","AB Automotive Vilvoorde","+3222540310","AB Automotive Vilvoorde","Ford","Benzine","https://cdn-be.motork.net/dealer/datafiles/vehicle/images/800/121/ByP190sDmgFeDZnu.jpg","https://cdn-be.motork.net/dealer/datafiles/vehicle/images/800/121/6qCZDwUuhzNPgUB0.jpg","https://cdn-be.motork.net/dealer/datafiles/vehicle/images/800/121/BM3JYSXOS9AybOcl.jpg","https://cdn-be.motork.net/dealer/datafiles/vehicle/images/800/121/XDwWx5KPH409M73d.jpg","https://cdn-be.motork.net/dealer/datafiles/vehicle/images/800/121/UDyxunZExBA5XZLj.jpg","https://cdn-be.motork.net/dealer/datafiles/vehicle/images/800/121/5p6XBEcv1L9eAnYn.jpg","https://cdn-be.motork.net/dealer/datafiles/vehicle/images/800/121/JdENQ8jzkmNpr1Ec.jpg","https://cdn-be.motork.net/dealer/datafiles/vehicle/images/800/121/onyyH9ItGLLH10sL.jpg","https://cdn-be.motork.net/dealer/datafiles/vehicle/images/800/121/YbF4IO1eECEQt2n0.jpg","https://cdn-be.motork.net/dealer/datafiles/vehicle/images/800/121/gutTwDFSweUz33Df.jpg","https://cdn-be.motork.net/dealer/datafiles/vehicle/images/800/121/H4pRSBw30rhIZqco.jpg","https://cdn-be.motork.net/dealer/datafiles/vehicle/images/800/121/EfSb7x2Tp2avSspz.jpg","https://cdn-be.motork.net/dealer/datafiles/vehicle/images/800/121/xB8dYjMKS80EvxFa.jpg","https://cdn-be.motork.net/dealer/datafiles/vehicle/images/800/121/CkjSwVJzJPz67MJq.jpg","https://cdn-be.motork.net/dealer/datafiles/vehicle/images/800/121/PRDH3YfWykREbfsP.jpg","https://cdn-be.motork.net/dealer/datafiles/vehicle/images/800/121/Ekfyvg3wPHOm80WZ.jpg","https://cdn-be.motork.net/dealer/datafiles/vehicle/images/800/121/RLv4TnCLKPDJrbue.jpg","https://cdn-be.motork.net/dealer/datafiles/vehicle/images/800/121/265SMAwKrYexnFjh.jpg","https://cdn-be.motork.net/dealer/datafiles/vehicle/images/800/121/wjV7bScH7Vvh6Sec.jpg","https://cdn-be.motork.net/dealer/datafiles/vehicle/images/800/121/uIwnYrN3PCXLGWaf.jpg"
"70789","2019 Ford C-Max C-max / Titanium / Benzine / Garantie","Ford C-Max C-max / Titanium / Benzine / Garantie bij AB Automotive Vilvoorde. Kleine monovolume, Benzine, Manueel. Bouwjaar 2019, 45.573 km. Uitrusting: ''Gates'' in Charcoal Black - ''Moontouch'' in Charcoal Black, 16'' lichtmetalen velgen - 10 spaken - banden 215/55 R16, ABS met elektronische remkrachtverdeling, Achterbank: 3 individueel neerklapbare zetels (40/20/40), Active City Stop - veiligheidssyteem bij lage snelheid, Active Park Assist - semi-automatisch parkeerhulpsysteem met parkeerhulp voor- en achteraan, Auto Start-Stop, Automatische koplampen met Home Safe functie, automatische ruitenwissers, automatisch dimmende interieurspiegel en mistlampen vooraan. Gecontroleerde occasie met minimum 1 jaar garantie. Boek je testrit online.","https://nl.advusedcars.be/autos/tweedehands/vilvoorde/ford/c-max/benzine/c-max-titanium-benzine-garantie/70789/","Ford","C-Max","2019","C-max / Titanium / Benzine / Garantie","45573","KM","14990.00 EUR","MINIVAN","Zwart","Grijs","Used","WF0VXXGCEVKK67829","Manual","GASOLINE","FWD","available",,"car_truck","active","2025-12-01","276","70789","{""addr1"":""Mechelsesteenweg 295"",""city"":""Vilvoorde"",""region"":""Vlaams-Brabant"",""postal_code"":""1800"",""country"":""BE""}","50.945310","4.442320","ADV-AB-VILVOORDE","AB Automotive Vilvoorde","+3222540310","AB Automotive Vilvoorde","Ford","Benzine","https://cdn-be.motork.net/dealer/datafiles/vehicle/images/800/121/5InYiyEf1jJLo6aZ.jpg","https://cdn-be.motork.net/dealer/datafiles/vehicle/images/800/121/26IBVNi8nXWL6xtI.jpg","https://cdn-be.motork.net/dealer/datafiles/vehicle/images/800/121/i5vtT93IASj9enZV.jpg","https://cdn-be.motork.net/dealer/datafiles/vehicle/images/800/121/smcz16tA3vDKyxbS.jpg","https://cdn-be.motork.net/dealer/datafiles/vehicle/images/800/121/oljbWhExWrghnjrJ.jpg","https://cdn-be.motork.net/dealer/datafiles/vehicle/images/800/121/D5UJhOZvoetkMFAR.jpg","https://cdn-be.motork.net/dealer/datafiles/vehicle/images/800/121/u8JBWIWL8uVemE8Y.jpg","https://cdn-be.motork.net/dealer/datafiles/vehicle/images/800/121/ALqw0Jtvh6mN8wXC.jpg","https://cdn-be.motork.net/dealer/datafiles/vehicle/images/800/121/6i684SdzcafTizuE.jpg","https://cdn-be.motork.net/dealer/datafiles/vehicle/images/800/121/dVXCB9OWYiwoUUF6.jpg","https://cdn-be.motork.net/dealer/datafiles/vehicle/images/800/121/3YNLvRx4i2DvMDYR.jpg","https://cdn-be.motork.net/dealer/datafiles/vehicle/images/800/121/tLyBZboxYeIO9h7C.jpg","https://cdn-be.motork.net/dealer/datafiles/vehicle/images/800/121/Ez4YCE3xsfFcWpfp.jpg","https://cdn-be.motork.net/dealer/datafiles/vehicle/images/800/121/MBIJmSUki3HVgbHN.jpg","https://cdn-be.motork.net/dealer/datafiles/vehicle/images/800/121/AiJ12pw9viDKYCx6.jpg","https://cdn-be.motork.net/dealer/datafiles/vehicle/images/800/121/u3or9NuJ9kr8DRKM.jpg","https://cdn-be.motork.net/dealer/datafiles/vehicle/images/800/121/NXYEpNgjEC93olde.jpg",,,
"82025","2023 Ford Ranger DC BiT EcoBlue Wildtrak AUT","Ford Ranger DC BiT EcoBlue Wildtrak AUT bij AB Automotive Vilvoorde. Pick-up, Diesel, Automaat. Bouwjaar 2023, 67.726 km. Uitrusting: Achteruitrij-camera met weergave op 8'' TFT scherm, Aerodynamische sports bar in composietmateriaal met rails in het zwart gespoten, Airbags bestuurder en passagier, zijdelingse airbags (1ste zetelrij), gordijnair, Alu velgen 18''x8 machined velgen met 265/60 R18 alle seizoenbanden en alu reser, Antiblokkeerremsysteem (ABS) met Elektronische remkrachtverdeling (EBD) en Noodr, Antidoorschuifsysteem in zetels, Antislingersysteem voor aanhangwagens, Automatisch dimmende elektrochromische achteruitkijkspiegel. Gecontroleerde occasie met minimum 1 jaar garantie. Boek je testrit online.","https://nl.advusedcars.be/autos/tweedehands/vilvoorde/ford/ranger/diesel/dc-bit-ecoblue-wildtrak-aut/82025/","Ford","Ranger","2023","DC BiT EcoBlue Wildtrak AUT","67726","KM","33990.00 EUR","TRUCK","Wit","Antraciet","Used","6FPPXXMJ2PNB65536","Automatic","DIESEL","4X4","available",,"car_truck","active","2026-03-09","178","82025","{""addr1"":""Mechelsesteenweg 295"",""city"":""Vilvoorde"",""region"":""Vlaams-Brabant"",""postal_code"":""1800"",""country"":""BE""}","50.945310","4.442320","ADV-AB-VILVOORDE","AB Automotive Vilvoorde","+3222540310","AB Automotive Vilvoorde","Ford","Diesel","https://cdn-be.motork.net/dealer/datafiles/vehicle/images/800/121/XTA9GvvSYQnQF2i2.jpg","https://cdn-be.motork.net/dealer/datafiles/vehicle/images/800/121/Qqq4sFf8towRvS7q.jpg","https://cdn-be.motork.net/dealer/datafiles/vehicle/images/800/121/wnCxVtU8elTct1Iv.jpg","https://cdn-be.motork.net/dealer/datafiles/vehicle/images/800/121/oPQ26Rwo46Gn6bRA.jpg","https://cdn-be.motork.net/dealer/datafiles/vehicle/images/800/121/OijzKN5Y5ozY8ZGE.jpg","https://cdn-be.motork.net/dealer/datafiles/vehicle/images/800/121/OU0qH5UFdXJ0HNrX.jpg","https://cdn-be.motork.net/dealer/datafiles/vehicle/images/800/121/7aOK21m5Q2CQ1MtS.jpg","https://cdn-be.motork.net/dealer/datafiles/vehicle/images/800/121/OeYc02BxyW8yKDNr.jpg","https://cdn-be.motork.net/dealer/datafiles/vehicle/images/800/121/IWrUqK6WlyH4am6V.jpg","https://cdn-be.motork.net/dealer/datafiles/vehicle/images/800/121/eVCWlOkvtgA77uDv.jpg","https://cdn-be.motork.net/dealer/datafiles/vehicle/images/800/121/9yLQVp5268egtLES.jpg","https://cdn-be.motork.net/dealer/datafiles/vehicle/images/800/121/z9mbLeUcjBt4mE0H.jpg","https://cdn-be.motork.net/dealer/datafiles/vehicle/images/800/121/4nWpFhno8iRzBcKV.jpg","https://cdn-be.motork.net/dealer/datafiles/vehicle/images/800/121/wdmwjvX3BTyruAVe.jpg","https://cdn-be.motork.net/dealer/datafiles/vehicle/images/800/121/XJj6WUZhIuZDzLIV.jpg","https://cdn-be.motork.net/dealer/datafiles/vehicle/images/800/121/cj1Y0PJdoFfHdgbp.jpg","https://cdn-be.motork.net/dealer/datafiles/vehicle/images/800/121/kVfyMiaVEKBsrJ8u.jpg","https://cdn-be.motork.net/dealer/datafiles/vehicle/images/800/121/7IgCfPovuPYkVw3z.jpg","https://cdn-be.motork.net/dealer/datafiles/vehicle/images/800/121/qOCODV5uTHpaWwyI.jpg","https://cdn-be.motork.net/dealer/datafiles/vehicle/images/800/121/nojXUlnHDNR3e0nA.jpg"
"84099","2018 Ford Focus Focus Sync / Edition / Garantie","Ford Focus Focus Sync / Edition / Garantie bij AB Automotive Vilvoorde. Hatchback, Benzine, Manueel. Bouwjaar 2018, 119.068 km. Uitrusting: 16'' lichtmetalen velgen - 10x2 spaken - 205/55 R16, 16'' stalen velgen - 205/55 R16, ABS met elektronische remkrachtverdeling, Achterbank (zit en rug) in twee delen neerklapbaar (60/40), Airconditioning, Bandendruksensoren, Bestuurderszetel 4-weg manueel verstelbaar (voor/achter/hoogte), Boordcomputer. Gecontroleerde occasie met minimum 1 jaar garantie. Boek je testrit online.","https://nl.advusedcars.be/autos/tweedehands/vilvoorde/ford/focus/benzine/focus-sync-edition-garantie/84099/","Ford","Focus","2018","Focus Sync / Edition / Garantie","119068","KM","8990.00 EUR","HATCHBACK","Zilver","Zwart","Used","WF05XXGCC5JS70176","Manual","GASOLINE","FWD","available",,"car_truck","active","2026-03-24","163","84099","{""addr1"":""Mechelsesteenweg 295"",""city"":""Vilvoorde"",""region"":""Vlaams-Brabant"",""postal_code"":""1800"",""country"":""BE""}","50.945310","4.442320","ADV-AB-VILVOORDE","AB Automotive Vilvoorde","+3222540310","AB Automotive Vilvoorde","Ford","Benzine","https://cdn-be.motork.net/dealer/datafiles/vehicle/images/800/121/liFD43V5mX60rwDM.jpg","https://cdn-be.motork.net/dealer/datafiles/vehicle/images/800/121/6382AFOPNI6IvGGH.jpg","https://cdn-be.motork.net/dealer/datafiles/vehicle/images/800/121/3P1c5mPRLPm5SSsV.jpg","https://cdn-be.motork.net/dealer/datafiles/vehicle/images/800/121/QQaWXT6zHprVPm4s.jpg","https://cdn-be.motork.net/dealer/datafiles/vehicle/images/800/121/FwPpIk5R1AfVcdbk.jpg","https://cdn-be.motork.net/dealer/datafiles/vehicle/images/800/121/2QorFP3xFfqLl3ef.jpg","https://cdn-be.motork.net/dealer/datafiles/vehicle/images/800/121/iVdIqj5hBlUO7HED.jpg","https://cdn-be.motork.net/dealer/datafiles/vehicle/images/800/121/lIC4kUkBHSaVEGcR.jpg","https://cdn-be.motork.net/dealer/datafiles/vehicle/images/800/121/Rum25zeVDXmjLedm.jpg","https://cdn-be.motork.net/dealer/datafiles/vehicle/images/800/121/6tj644kxK1WSDfg5.jpg","https://cdn-be.motork.net/dealer/datafiles/vehicle/images/800/121/ePKbIl9r4tSWXFbF.jpg","https://cdn-be.motork.net/dealer/datafiles/vehicle/images/800/121/MBhDZP4yBMRekGmB.jpg","https://cdn-be.motork.net/dealer/datafiles/vehicle/images/800/121/ybvkrAfkmaMiknOu.jpg","https://cdn-be.motork.net/dealer/datafiles/vehicle/images/800/121/Acf5PRI68cllCbM0.jpg","https://cdn-be.motork.net/dealer/datafiles/vehicle/images/800/121/KnSHmrBEW2EMPMj9.jpg","https://cdn-be.motork.net/dealer/datafiles/vehicle/images/800/121/rqtWLLH0betS1FKZ.jpg","https://cdn-be.motork.net/dealer/datafiles/vehicle/images/800/121/IkDVhMlPg1YdoD6F.jpg","https://cdn-be.motork.net/dealer/datafiles/vehicle/images/800/121/4IMRQVSBCeQanwNL.jpg","https://cdn-be.motork.net/dealer/datafiles/vehicle/images/800/121/bhMY7TEAqwPlyxmV.jpg","https://cdn-be.motork.net/dealer/datafiles/vehicle/images/800/121/lOl8oGUThrP2G2gg.jpg"
"84590","2023 Ford Puma Titanium X / Automaat / 45000km / Garantie","Ford Puma Titanium X / Automaat / 45000km / Garantie bij AB Automotive Schaarbeek. Berline, Hybride (benzine), Automaat. Bouwjaar 2023, 46.031 km. Uitrusting: 18'' Lichtmetalen velgen - Pearl Grey Machined - 215/50 R18 banden, 4-weg manueel instelbare bestuurderszetel met lendensteun, ABS met elektronische remkrachtverdeling - ESC inclusief assistentie bij vertrek, Achterbank neerklapbaar in twee delen (60/40), Applink, Screen mirroring (Android Auto/Apple Carplay), Automatische airconditioning, Automatische grootlichten, Automatische koplampen, incl. LED dagrijlichten en LED-achterlichten. Gecontroleerde occasie met minimum 1 jaar garantie. Boek je testrit online.","https://nl.advusedcars.be/autos/tweedehands/schaarbeek/ford/puma/hybride-benzine/titanium-x-automaat-45000km-garantie/84590/","Ford","Puma","2023","Titanium X / Automaat / 45000km / Garantie","46031","KM","19990.00 EUR","SEDAN","Grijs","Zwart","Used","WF02XXERK2PC56484","Automatic","HYBRID","FWD","available",,"car_truck","active","2026-03-28","159","84590","{""addr1"":""Jacques Georginlaan 11-13"",""city"":""Schaarbeek"",""region"":""Brussels Hoofdstedelijk Gewest"",""postal_code"":""1030"",""country"":""BE""}","50.856280","4.408640","ADV-AB-SCHAARBEEK","AB Automotive Schaarbeek","+3222050971","AB Automotive Schaarbeek","Ford","Hybride (benzine)","https://cdn-be.motork.net/dealer/datafiles/vehicle/images/800/121/INdts9yCdX2FuS7x.jpg","https://cdn-be.motork.net/dealer/datafiles/vehicle/images/800/121/dsegUmg3AN0a5ie2.jpg","https://cdn-be.motork.net/dealer/datafiles/vehicle/images/800/121/Nb9uhBy4asYuwg8Y.jpg","https://cdn-be.motork.net/dealer/datafiles/vehicle/images/800/121/xaHtF0Xm79E8YJzH.jpg","https://cdn-be.motork.net/dealer/datafiles/vehicle/images/800/121/DRBgPc2GWZUUDH4V.jpg","https://cdn-be.motork.net/dealer/datafiles/vehicle/images/800/121/beanv8pH3SjtpTiO.jpg","https://cdn-be.motork.net/dealer/datafiles/vehicle/images/800/121/iFFOfO8fcclKOrFS.jpg","https://cdn-be.motork.net/dealer/datafiles/vehicle/images/800/121/oXyVBc7Vs9RDe2zN.jpg","https://cdn-be.motork.net/dealer/datafiles/vehicle/images/800/121/F7XnZRncogIC43nC.jpg","https://cdn-be.motork.net/dealer/datafiles/vehicle/images/800/121/eecldMZURoTpa2Wo.jpg","https://cdn-be.motork.net/dealer/datafiles/vehicle/images/800/121/BqdNQTOfGxqRChk6.jpg","https://cdn-be.motork.net/dealer/datafiles/vehicle/images/800/121/VcVGRR7RYBNcWJxy.jpg","https://cdn-be.motork.net/dealer/datafiles/vehicle/images/800/121/zHzLxI96EHZKkCcS.jpg","https://cdn-be.motork.net/dealer/datafiles/vehicle/images/800/121/uEimxSTSVEfQfYJK.jpg","https://cdn-be.motork.net/dealer/datafiles/vehicle/images/800/121/gBYmMF0bjDjWWu2R.jpg","https://cdn-be.motork.net/dealer/datafiles/vehicle/images/800/121/91PFskH5XMkFuA8Q.jpg","https://cdn-be.motork.net/dealer/datafiles/vehicle/images/800/121/0KqWFzvB47CjT5u1.jpg","https://cdn-be.motork.net/dealer/datafiles/vehicle/images/800/121/jVLv7MgP9lZEe697.jpg","https://cdn-be.motork.net/dealer/datafiles/vehicle/images/800/121/FFepCBXNccCLUQQ0.jpg",
"87182","2023 Ford Kuga ST LINE / Garantie / Pano Dak","Ford Kuga ST LINE / Garantie / Pano Dak bij AB Automotive Vilvoorde. SUV, Benzine, Manueel. Bouwjaar 2023, 47.264 km. Uitrusting: 12V aansluiting in de kofferruimte, 18'' lichtmetalen velgen - Rock Metallic Light - banden 225/60 R18 100V, ABS met elektronische remkrachtverdeling, Achterbank (rug) neerklapbaar in 2 delen (60/40), Achteruitrijcamera, Active Grille Shutter, Afwerking interieur met rode stiksels, Akoestisch gelamineerde voorruit. Gecontroleerde occasie met minimum 1 jaar garantie. Boek je testrit online.","https://nl.advusedcars.be/autos/tweedehands/vilvoorde/ford/kuga/benzine/st-line-garantie-pano-dak/87182/","Ford","Kuga","2023","ST LINE / Garantie / Pano Dak","47264","KM","23290.00 EUR","SUV","Blauw","Antraciet","Used","WF0FXXWPMFNA84707","Manual","GASOLINE","FWD","available",,"car_truck","active","2026-04-24","132","87182","{""addr1"":""Mechelsesteenweg 295"",""city"":""Vilvoorde"",""region"":""Vlaams-Brabant"",""postal_code"":""1800"",""country"":""BE""}","50.945310","4.442320","ADV-AB-VILVOORDE","AB Automotive Vilvoorde","+3222540310","AB Automotive Vilvoorde","Ford","Benzine","https://cdn-be.motork.net/dealer/datafiles/vehicle/images/800/121/j0bi3PTNQpaQHJWq.jpg","https://cdn-be.motork.net/dealer/datafiles/vehicle/images/800/121/uejRyHWgKpiTeoSK.jpg","https://cdn-be.motork.net/dealer/datafiles/vehicle/images/800/121/7vXxgSEQWg4lAwop.jpg","https://cdn-be.motork.net/dealer/datafiles/vehicle/images/800/121/8QWhkjY0fGQMpJ8C.jpg","https://cdn-be.motork.net/dealer/datafiles/vehicle/images/800/121/WBxfdv10PiNBOaEd.jpg","https://cdn-be.motork.net/dealer/datafiles/vehicle/images/800/121/VxSxYpGc7dd5K1O0.jpg","https://cdn-be.motork.net/dealer/datafiles/vehicle/images/800/121/xA2jMKf145pRPKe3.jpg","https://cdn-be.motork.net/dealer/datafiles/vehicle/images/800/121/6OZ1UzzR185Neu15.jpg","https://cdn-be.motork.net/dealer/datafiles/vehicle/images/800/121/T2KTmFPZfqVPnv0K.jpg","https://cdn-be.motork.net/dealer/datafiles/vehicle/images/800/121/fnSIHuQfqkz49lAL.jpg","https://cdn-be.motork.net/dealer/datafiles/vehicle/images/800/121/PsyX44AlwcbJiyd4.jpg","https://cdn-be.motork.net/dealer/datafiles/vehicle/images/800/121/ZbANYuBLk2CnQaTu.jpg","https://cdn-be.motork.net/dealer/datafiles/vehicle/images/800/121/nwosyM5oEK5XDHfS.jpg","https://cdn-be.motork.net/dealer/datafiles/vehicle/images/800/121/Zr5xGKbSeUkuxVA1.jpg","https://cdn-be.motork.net/dealer/datafiles/vehicle/images/800/121/P9RObWT66eKkjfse.jpg","https://cdn-be.motork.net/dealer/datafiles/vehicle/images/800/121/5P2qDtXB8angOKmo.jpg","https://cdn-be.motork.net/dealer/datafiles/vehicle/images/800/121/eM7XiwLONIwpAF5X.jpg","https://cdn-be.motork.net/dealer/datafiles/vehicle/images/800/121/579KUvJA1EaoaOkt.jpg","https://cdn-be.motork.net/dealer/datafiles/vehicle/images/800/121/Ix5GbHyl2MVkTr14.jpg","https://cdn-be.motork.net/dealer/datafiles/vehicle/images/800/121/7ShPumoPaHwq62Pk.jpg"
"87186","2024 Ford Transit Connect L2 / 19990€ ex BTW / Garantie","Ford Transit Connect L2 / 19990€ ex BTW / Garantie bij AB Automotive Vilvoorde. Bestelwagen, Diesel, Manueel. Bouwjaar 2024, 59 km. Uitrusting: 12V aansluiting in het dashboard, 12V aansluiting in middenconsole, 4-weg verstelbare bestuurders- en passagierszetel, 6.5 x 16'' alu velgen, 6.5 x 16'' stalen wielen en banden met wieldeksels - volledig, deluxe, ABS + ESP incl: Hill Launch assist, Trailer Sway assist, EBA, EBL, Traction Cont, Airbag bestuurder, Audio stuurwielbediening. Gecontroleerde occasie met minimum 1 jaar garantie. Boek je testrit online.","https://nl.advusedcars.be/autos/tweedehands/vilvoorde/ford/transit-connect/diesel/l2-19990-ex-btw-garantie/87186/","Ford","Transit Connect","2024","L2 / 19990€ ex BTW / Garantie","59","KM","24187.00 EUR","VAN","Wit","Zwart","Used","WF0SXXWPGSRR74558","Manual","DIESEL","FWD","available",,"commercial","active","2026-04-24","132","87186","{""addr1"":""Mechelsesteenweg 295"",""city"":""Vilvoorde"",""region"":""Vlaams-Brabant"",""postal_code"":""1800"",""country"":""BE""}","50.945310","4.442320","ADV-AB-VILVOORDE","AB Automotive Vilvoorde","+3222540310","AB Automotive Vilvoorde","Ford","Diesel","https://cdn-be.motork.net/dealer/datafiles/vehicle/images/800/121/D582pVMaJTwQKoP5.jpg","https://cdn-be.motork.net/dealer/datafiles/vehicle/images/800/121/GRCTuapFNFTDdNOr.jpg","https://cdn-be.motork.net/dealer/datafiles/vehicle/images/800/121/0ZCTZvvrFCRn2xmt.jpg","https://cdn-be.motork.net/dealer/datafiles/vehicle/images/800/121/LvRHAlIK4wFpYzne.jpg","https://cdn-be.motork.net/dealer/datafiles/vehicle/images/800/121/hLjbIKhCQZMgv0JL.jpg","https://cdn-be.motork.net/dealer/datafiles/vehicle/images/800/121/VbaIRRMryEJHrLtA.jpg","https://cdn-be.motork.net/dealer/datafiles/vehicle/images/800/121/hc4Wmf4eE0bmJbkx.jpg","https://cdn-be.motork.net/dealer/datafiles/vehicle/images/800/121/bJXr9NNDKyARBMiV.jpg","https://cdn-be.motork.net/dealer/datafiles/vehicle/images/800/121/0WCu4inzbzLT4QGO.jpg","https://cdn-be.motork.net/dealer/datafiles/vehicle/images/800/121/hYhBIatfcB7Lehp4.jpg","https://cdn-be.motork.net/dealer/datafiles/vehicle/images/800/121/QPI1TMM1PiouTDz6.jpg","https://cdn-be.motork.net/dealer/datafiles/vehicle/images/800/121/qC75bKzvXCN0FW2P.jpg","https://cdn-be.motork.net/dealer/datafiles/vehicle/images/800/121/M0H6NmA8SgDYucZ6.jpg","https://cdn-be.motork.net/dealer/datafiles/vehicle/images/800/121/KzSmrP2xbWc7dGcg.jpg","https://cdn-be.motork.net/dealer/datafiles/vehicle/images/800/121/ZfpNPcvSRc7I6Z69.jpg","https://cdn-be.motork.net/dealer/datafiles/vehicle/images/800/121/XI3S0x64FgKGEpg9.jpg","https://cdn-be.motork.net/dealer/datafiles/vehicle/images/800/121/hs6HfHBlxjMBb8BI.jpg","https://cdn-be.motork.net/dealer/datafiles/vehicle/images/800/121/6YA695st9eUsh81z.jpg","https://cdn-be.motork.net/dealer/datafiles/vehicle/images/800/121/v0r3lgSheviW5LL2.jpg","https://cdn-be.motork.net/dealer/datafiles/vehicle/images/800/121/Sg2OYP783vraDl8A.jpg"
"87597","2019 Ford ECOSPORT Ecoboost / Garantie / 80000km","Ford ECOSPORT Ecoboost / Garantie / 80000km bij AB Automotive Vilvoorde. Hatchback, Benzine, Manueel. Bouwjaar 2019, 80.685 km. Uitrusting: 12v aansluiting (vooraan en achteraan de centrale console), 16'' stalen velgen (205/60 R16), ABS, Achterbank (rug) neerklapbaar in 2 delen (60/40), Bandendruksensoren, Bestuurderszetel 4-weg manueel verstelbaar (voor/achter - hoogte), Boordcomputer, Centrale console met 2 open bekerhouders. Gecontroleerde occasie met minimum 1 jaar garantie. Boek je testrit online.","https://nl.advusedcars.be/autos/tweedehands/vilvoorde/ford/ecosport/benzine/ecoboost-garantie-80000km/87597/","Ford","ECOSPORT","2019","Ecoboost / Garantie / 80000km","80685","KM","10290.00 EUR","HATCHBACK","Beige","Zwart","Used","WF01XXERK1JR42839","Manual","GASOLINE","FWD","available",,"car_truck","active","2026-04-28","128","87597","{""addr1"":""Mechelsesteenweg 295"",""city"":""Vilvoorde"",""region"":""Vlaams-Brabant"",""postal_code"":""1800"",""country"":""BE""}","50.945310","4.442320","ADV-AB-VILVOORDE","AB Automotive Vilvoorde","+3222540310","AB Automotive Vilvoorde","Ford","Benzine","https://cdn-be.motork.net/dealer/datafiles/vehicle/images/800/121/o8JCEK331Zd7e8kr.jpg","https://cdn-be.motork.net/dealer/datafiles/vehicle/images/800/121/dtGBtmzimUWkBX7O.jpg","https://cdn-be.motork.net/dealer/datafiles/vehicle/images/800/121/xHZ2wHXtB0bMh1Ak.jpg","https://cdn-be.motork.net/dealer/datafiles/vehicle/images/800/121/aeUyORJFSt4D2Ou1.jpg","https://cdn-be.motork.net/dealer/datafiles/vehicle/images/800/121/A0DrkgvR8swB5pTp.jpg","https://cdn-be.motork.net/dealer/datafiles/vehicle/images/800/121/GIa0vOdtA0r7yTjG.jpg","https://cdn-be.motork.net/dealer/datafiles/vehicle/images/800/121/0JEddnBYgbvzIvFk.jpg","https://cdn-be.motork.net/dealer/datafiles/vehicle/images/800/121/W76JQ53sYpFawqBo.jpg","https://cdn-be.motork.net/dealer/datafiles/vehicle/images/800/121/T5XbrIpiyZneJg8X.jpg","https://cdn-be.motork.net/dealer/datafiles/vehicle/images/800/121/ulRBDkZShreEDco0.jpg","https://cdn-be.motork.net/dealer/datafiles/vehicle/images/800/121/XKU0TKo64RyqH0KM.jpg","https://cdn-be.motork.net/dealer/datafiles/vehicle/images/800/121/I9EBuVKpxNKZEFZ2.jpg","https://cdn-be.motork.net/dealer/datafiles/vehicle/images/800/121/aoJ30mn6E91B0K6k.jpg","https://cdn-be.motork.net/dealer/datafiles/vehicle/images/800/121/mVPEgpqRxd15Bmhm.jpg","https://cdn-be.motork.net/dealer/datafiles/vehicle/images/800/121/Efwfv3Hp8HE5YXfq.jpg","https://cdn-be.motork.net/dealer/datafiles/vehicle/images/800/121/XUMebAtIIGuktopl.jpg","https://cdn-be.motork.net/dealer/datafiles/vehicle/images/800/121/IX0OyZVDQGl0pHhp.jpg","https://cdn-be.motork.net/dealer/datafiles/vehicle/images/800/121/4J7GbJa0mar96v6z.jpg","https://cdn-be.motork.net/dealer/datafiles/vehicle/images/800/121/AFbxWqgztEZZgxtW.jpg",
"87606","2019 Ford ECOSPORT EcoBoost / Business Class / Garantie","Ford ECOSPORT EcoBoost / Business Class / Garantie bij AB Automotive Vilvoorde. Hatchback, Benzine, Manueel. Bouwjaar 2019, 91.325 km. Uitrusting: 12v aansluiting (vooraan en achteraan de centrale console), 16'' stalen velgen (205/60 R16), ABS, Achterbank (rug) neerklapbaar in 2 delen (60/40), Bandendruksensoren, Bestuurderszetel 4-weg manueel verstelbaar (voor/achter - hoogte), Boordcomputer, Centrale console met 2 open bekerhouders. Gecontroleerde occasie met minimum 1 jaar garantie. Boek je testrit online.","https://nl.advusedcars.be/autos/tweedehands/vilvoorde/ford/ecosport/benzine/ecoboost-business-class-garantie/87606/","Ford","ECOSPORT","2019","EcoBoost / Business Class / Garantie","91325","KM","10290.00 EUR","HATCHBACK","Antraciet","Zwart","Used","WF01XXERK1KE21674","Manual","GASOLINE","FWD","available",,"car_truck","active","2026-04-28","128","87606","{""addr1"":""Mechelsesteenweg 295"",""city"":""Vilvoorde"",""region"":""Vlaams-Brabant"",""postal_code"":""1800"",""country"":""BE""}","50.945310","4.442320","ADV-AB-VILVOORDE","AB Automotive Vilvoorde","+3222540310","AB Automotive Vilvoorde","Ford","Benzine","https://cdn-be.motork.net/dealer/datafiles/vehicle/images/800/121/wkseDcUnyNstIQCn.jpg","https://cdn-be.motork.net/dealer/datafiles/vehicle/images/800/121/BTLyjSayO7qrBAYH.jpg","https://cdn-be.motork.net/dealer/datafiles/vehicle/images/800/121/RSsLeKzogAvjTpC4.jpg","https://cdn-be.motork.net/dealer/datafiles/vehicle/images/800/121/Nf7tv3BupTUCOb4E.jpg","https://cdn-be.motork.net/dealer/datafiles/vehicle/images/800/121/TnZSEzCJOIrEBJnj.jpg","https://cdn-be.motork.net/dealer/datafiles/vehicle/images/800/121/w2MvS6p9mlc3Mwz3.jpg","https://cdn-be.motork.net/dealer/datafiles/vehicle/images/800/121/DWzdNBXegiotdaJW.jpg","https://cdn-be.motork.net/dealer/datafiles/vehicle/images/800/121/iGO6D1E6f6rdxIN1.jpg","https://cdn-be.motork.net/dealer/datafiles/vehicle/images/800/121/JmoxJQlFb9f4kwGQ.jpg","https://cdn-be.motork.net/dealer/datafiles/vehicle/images/800/121/0pzu5ogQY48ONJUE.jpg","https://cdn-be.motork.net/dealer/datafiles/vehicle/images/800/121/S3oKTzs34O4dNAuB.jpg","https://cdn-be.motork.net/dealer/datafiles/vehicle/images/800/121/628PwGk6xXjtsA7L.jpg","https://cdn-be.motork.net/dealer/datafiles/vehicle/images/800/121/gvwfvjtdngfBvAPv.jpg","https://cdn-be.motork.net/dealer/datafiles/vehicle/images/800/121/EDHx7UxZe0Fd6cJF.jpg","https://cdn-be.motork.net/dealer/datafiles/vehicle/images/800/121/6tXtXZn8LtLvlLkA.jpg","https://cdn-be.motork.net/dealer/datafiles/vehicle/images/800/121/keBXlNDrEj5r7eva.jpg","https://cdn-be.motork.net/dealer/datafiles/vehicle/images/800/121/illF1w8KnSvIOmlO.jpg","https://cdn-be.motork.net/dealer/datafiles/vehicle/images/800/121/xWHTxF5WFaR5jAPa.jpg","https://cdn-be.motork.net/dealer/datafiles/vehicle/images/800/121/OOUcff1LIOacFMT8.jpg","https://cdn-be.motork.net/dealer/datafiles/vehicle/images/800/121/dMAlhqFaAqCYT0pg.jpg"
"94017","2024 Ford Transit Model 2025 / E Transit / 40.000€ + TVA / Garantie","Ford Transit Model 2025 / E Transit / 40.000€ + TVA / Garantie bij AB Automotive Vilvoorde. Bestelwagen, Elektrisch, Automaat. Bouwjaar 2024, 65 km. Uitrusting: 180° openende (gesloten) achterdeuren, 360° camera, 8x DIN 75410 conforme sjorogen in laadruimte, ABS + ESP incl: Hill Launch assist, Trailer Sway assist, EBA/EBD/EBL, Traction C, Adaptive Cruise Control, Airbag bestuurder, Alternator 150 Amp, Automatische airconditioning - EATC. Gecontroleerde occasie met minimum 1 jaar garantie. Boek je testrit online.","https://nl.advusedcars.be/autos/tweedehands/vilvoorde/ford/transit/elektrisch/model-2025-e-transit-40-000-tva-garantie/94017/","Ford","Transit","2024","Model 2025 / E Transit / 40.000€ + TVA / Garantie","65","KM","48490.00 EUR","VAN","Wit","Zwart","Used","WF0EXXTTRBRE70123","Automatic","ELECTRIC","RWD","available",,"commercial","active","2026-06-13","82","94017","{""addr1"":""Mechelsesteenweg 295"",""city"":""Vilvoorde"",""region"":""Vlaams-Brabant"",""postal_code"":""1800"",""country"":""BE""}","50.945310","4.442320","ADV-AB-VILVOORDE","AB Automotive Vilvoorde","+3222540310","AB Automotive Vilvoorde","Ford","Elektrisch","https://cdn-be.motork.net/dealer/datafiles/vehicle/images/800/121/hI3K23FqgRXLLkwi.jpg","https://cdn-be.motork.net/dealer/datafiles/vehicle/images/800/121/bQOWskffRQbue7Lo.jpg","https://cdn-be.motork.net/dealer/datafiles/vehicle/images/800/121/MdIac0aEYDZWUANr.jpg","https://cdn-be.motork.net/dealer/datafiles/vehicle/images/800/121/VRd3VMQJgREzFnGw.jpg","https://cdn-be.motork.net/dealer/datafiles/vehicle/images/800/121/UPW57Pe4eGdGjJMN.jpg","https://cdn-be.motork.net/dealer/datafiles/vehicle/images/800/121/KEa8CXWxsr9sFPc5.jpg","https://cdn-be.motork.net/dealer/datafiles/vehicle/images/800/121/lTCcW4b2aw58RM9i.jpg","https://cdn-be.motork.net/dealer/datafiles/vehicle/images/800/121/cTJQzQUyyYVecD35.jpg","https://cdn-be.motork.net/dealer/datafiles/vehicle/images/800/121/i3fIfU02vYj7675a.jpg","https://cdn-be.motork.net/dealer/datafiles/vehicle/images/800/121/RlJgw2BFY1e0KTJz.jpg","https://cdn-be.motork.net/dealer/datafiles/vehicle/images/800/121/JkVjCTcTSok3298B.jpg",,,,,,,,,
"97631","2025 Ford Puma GEN E - PREMIUM - FULL EV","Ford Puma GEN E - PREMIUM - FULL EV bij AB Automotive Vilvoorde. SUV, Elektrisch, Automaat. Bouwjaar 2025, 11.870 km. Uitrusting: ''Frozen White'' Special niet-metaalkleur, 12.3'' Digitaal instrumentenbord, 18"" lichtmetalen velgen - 215/50 R18 92H banden, 2-weg manueel instelbare passagierszetel, 4-weg manueel instelbare passagierszetel, 4-weg manueel verstelbare lendensteun op passagierszetel, ABS met elektronische remkrachtverdeling, Achterbank neerklapbaar in twee delen (60/40). Gecontroleerde occasie met minimum 1 jaar garantie. Boek je testrit online.","https://nl.advusedcars.be/autos/tweedehands/vilvoorde/ford/puma/elektrisch/gen-e-premium-full-ev/97631/","Ford","Puma","2025","GEN E - PREMIUM - FULL EV","11870","KM","32490.00 EUR","SUV","Blauw","Grijs","Used","WF02XXERK1SU75203","Automatic","ELECTRIC","FWD","available",,"car_truck","active","2026-07-13","52","97631","{""addr1"":""Mechelsesteenweg 295"",""city"":""Vilvoorde"",""region"":""Vlaams-Brabant"",""postal_code"":""1800"",""country"":""BE""}","50.945310","4.442320","ADV-AB-VILVOORDE","AB Automotive Vilvoorde","+3222540310","AB Automotive Vilvoorde","Ford","Elektrisch","https://cdn-be.motork.net/dealer/datafiles/vehicle/images/800/121/BhzScPuNNb8WJaUq.jpg","https://cdn-be.motork.net/dealer/datafiles/vehicle/images/800/121/9Q4VfUHxhOz6Q6kn.jpg","https://cdn-be.motork.net/dealer/datafiles/vehicle/images/800/121/Xl4ltQOSPQajrZWe.jpg","https://cdn-be.motork.net/dealer/datafiles/vehicle/images/800/121/H4C26v7XB7L1daTH.jpg","https://cdn-be.motork.net/dealer/datafiles/vehicle/images/800/121/d08ObklWcXSNa69k.jpg","https://cdn-be.motork.net/dealer/datafiles/vehicle/images/800/121/zF4MRYxx4bli1vGx.jpg","https://cdn-be.motork.net/dealer/datafiles/vehicle/images/800/121/HGKQzVjTgDmd7tO6.jpg","https://cdn-be.motork.net/dealer/datafiles/vehicle/images/800/121/xQ3i8Bjg0Q793yTQ.jpg","https://cdn-be.motork.net/dealer/datafiles/vehicle/images/800/121/zPN5jjo3EdtzUBu3.jpg","https://cdn-be.motork.net/dealer/datafiles/vehicle/images/800/121/QHmc55tVIowl6wwD.jpg","https://cdn-be.motork.net/dealer/datafiles/vehicle/images/800/121/VFr3x7wYmWR9Iip2.jpg","https://cdn-be.motork.net/dealer/datafiles/vehicle/images/800/121/h9J9w9Hyej49N7cJ.jpg","https://cdn-be.motork.net/dealer/datafiles/vehicle/images/800/121/FxPE7lNyKfFjNvXF.jpg","https://cdn-be.motork.net/dealer/datafiles/vehicle/images/800/121/oZb14zEs7HMLOxCj.jpg","https://cdn-be.motork.net/dealer/datafiles/vehicle/images/800/121/740hNzfVryuIV1A8.jpg","https://cdn-be.motork.net/dealer/datafiles/vehicle/images/800/121/FdgqZCjVLJMinRNk.jpg","https://cdn-be.motork.net/dealer/datafiles/vehicle/images/800/121/yRNu0fJcquv46kNT.jpg","https://cdn-be.motork.net/dealer/datafiles/vehicle/images/800/121/sW8Dkf4ictVmrsx3.jpg","https://cdn-be.motork.net/dealer/datafiles/vehicle/images/800/121/bY6XAs4BFl1dSOJ9.jpg",
"102097","2024 Ford Explorer Electric 77 kWh RWD Premium - Directiewagen","Ford Explorer Electric 77 kWh RWD Premium - Directiewagen bij AB Automotive Vilvoorde. SUV, Elektrisch, Automaat. Bouwjaar 2024, 36.473 km. Uitrusting: 12-weg elektrisch verstelbare bestuurderszetel met geheugenfunctie, 12V aansluiting in de kofferruimte, 17L MegaConsole met bekerhouders, 20'' Lichtmetalen velgen - banden 235/50 R20 vooraan 255/45 R20 achteraan, 6-weg manueel verstelbare passagierszetel, Achterbank neerklapbaar in 2 delen (60/40) met skiluik, Achteruitrijcamera, Automatisch dimmende interieurspiegel. Gecontroleerde occasie met minimum 1 jaar garantie. Boek je testrit online.","https://nl.advusedcars.be/autos/tweedehands/vilvoorde/ford/explorer-electric/elektrisch/77-kwh-rwd-premium-directiewagen/102097/","Ford","Explorer Electric","2024","77 kWh RWD Premium - Directiewagen","36473","KM","39990.00 EUR","SUV","Zwart","Zwart","Used","WF0RPBEF0SRY27083","Automatic","ELECTRIC","RWD","available",,"car_truck","active","2026-08-12","22","B730","{""addr1"":""Mechelsesteenweg 295"",""city"":""Vilvoorde"",""region"":""Vlaams-Brabant"",""postal_code"":""1800"",""country"":""BE""}","50.945310","4.442320","ADV-AB-VILVOORDE","AB Automotive Vilvoorde","+3222540310","AB Automotive Vilvoorde","Ford","Elektrisch","https://cdn-be.motork.net/dealer/datafiles/vehicle/images/800/121/pSpkAcZdgoAllSDI.jpg","https://cdn-be.motork.net/dealer/datafiles/vehicle/images/800/121/KggBBfnCWmYMhYiO.jpeg","https://cdn-be.motork.net/dealer/datafiles/vehicle/images/800/121/qLbzXp4ZcLneYg6R.jpeg","https://cdn-be.motork.net/dealer/datafiles/vehicle/images/800/121/JfITOq8JYC0AUPce.jpeg","https://cdn-be.motork.net/dealer/datafiles/vehicle/images/800/121/R9dLJV10N2KiiEJU.jpeg","https://cdn-be.motork.net/dealer/datafiles/vehicle/images/800/121/qr3MP6atL6A3Fpwe.jpeg","https://cdn-be.motork.net/dealer/datafiles/vehicle/images/800/121/yHR1S2Oo9AAa66gR.jpeg","https://cdn-be.motork.net/dealer/datafiles/vehicle/images/800/121/TZU23Nef4EERgmq7.jpeg","https://cdn-be.motork.net/dealer/datafiles/vehicle/images/800/121/vaeb6a3Bxa6NKt7I.jpeg","https://cdn-be.motork.net/dealer/datafiles/vehicle/images/800/121/DtaDGypA7SiXIcHH.jpeg","https://cdn-be.motork.net/dealer/datafiles/vehicle/images/800/121/D1678EwmTDHSSpmn.jpeg","https://cdn-be.motork.net/dealer/datafiles/vehicle/images/800/121/a7QZct2yNIAa6nuY.jpeg","https://cdn-be.motork.net/dealer/datafiles/vehicle/images/800/121/JWbwXmmImsi1sni5.jpeg","https://cdn-be.motork.net/dealer/datafiles/vehicle/images/800/121/Tm6DCNXmJLcpGyBv.jpeg","https://cdn-be.motork.net/dealer/datafiles/vehicle/images/800/121/ytlpa28GLSsuEVxw.jpeg","https://cdn-be.motork.net/dealer/datafiles/vehicle/images/800/121/xe4doLI26dtAKpm7.jpeg",,,,
"102117","2024 Ford Capri 77 kWh Extended Range RWD Premium - Directiewagen!","Ford Capri 77 kWh Extended Range RWD Premium - Directiewagen! bij AB Automotive Vilvoorde. SUV, Elektrisch, Automaat. Bouwjaar 2024, 19.205 km. Uitrusting: 12-weg elektrisch verstelbare bestuurderszetel met geheugenfunctie, 12V aansluiting in de kofferruimte, 17L MegaConsole met bekerhouders, 20'' Lichtmetalen velgen - banden 235/50 R20 (vooraan) 255/45 R20 (achteraan), 6-weg manueel verstelbare passagierszetel, Achterbank neerklapbaar in 2 delen (60/40) met skiluik, Achteruitrijcamera, Automatisch dimmende interieurspiegel. Gecontroleerde occasie met minimum 1 jaar garantie. Boek je testrit online.","https://nl.advusedcars.be/autos/tweedehands/vilvoorde/ford/capri/elektrisch/77-kwh-extended-range-rwd-premium-directiewagen/102117/","Ford","Capri","2024","77 kWh Extended Range RWD Premium - Directiewagen!","19205","KM","44990.00 EUR","SUV","Zwart","Zwart","Used","WF0SPBEF8SRS35755","Automatic","ELECTRIC","RWD","available",,"car_truck","active","2026-08-12","22","B756","{""addr1"":""Mechelsesteenweg 295"",""city"":""Vilvoorde"",""region"":""Vlaams-Brabant"",""postal_code"":""1800"",""country"":""BE""}","50.945310","4.442320","ADV-AB-VILVOORDE","AB Automotive Vilvoorde","+3222540310","AB Automotive Vilvoorde","Ford","Elektrisch","https://cdn-be.motork.net/dealer/datafiles/vehicle/images/800/121/cIxgIyLgQLvlzcYe.JPG","https://cdn-be.motork.net/dealer/datafiles/vehicle/images/800/121/Tg3pPNeDumjndpqz.JPG","https://cdn-be.motork.net/dealer/datafiles/vehicle/images/800/121/TaPWr7fSbuEj3MwL.JPG","https://cdn-be.motork.net/dealer/datafiles/vehicle/images/800/121/AVwnvVjvCQBs594D.JPG","https://cdn-be.motork.net/dealer/datafiles/vehicle/images/800/121/iP0vKbmMgaxooHqr.JPG","https://cdn-be.motork.net/dealer/datafiles/vehicle/images/800/121/Si4TszQGqTBzbv4E.JPG","https://cdn-be.motork.net/dealer/datafiles/vehicle/images/800/121/llAipGDTY330N4SI.JPG","https://cdn-be.motork.net/dealer/datafiles/vehicle/images/800/121/OUy02hgXqAA0TafW.JPG","https://cdn-be.motork.net/dealer/datafiles/vehicle/images/800/121/0lrPhpddd24AHRiR.JPG","https://cdn-be.motork.net/dealer/datafiles/vehicle/images/800/121/YbuLOtEorG3sYnW1.JPG","https://cdn-be.motork.net/dealer/datafiles/vehicle/images/800/121/5oxkkklmO6lH5uQl.JPG","https://cdn-be.motork.net/dealer/datafiles/vehicle/images/800/121/dWHu0g6xnnW4EhaW.JPG","https://cdn-be.motork.net/dealer/datafiles/vehicle/images/800/121/z1XoV6nNBv6YAZOI.JPG","https://cdn-be.motork.net/dealer/datafiles/vehicle/images/800/121/EXibYpUX9kRNxWyp.JPG","https://cdn-be.motork.net/dealer/datafiles/vehicle/images/800/121/uZnizK7W1E1G4t7Z.JPG","https://cdn-be.motork.net/dealer/datafiles/vehicle/images/800/121/IvCbJc3Ed9zfcc9o.JPG","https://cdn-be.motork.net/dealer/datafiles/vehicle/images/800/121/SDNlmTaEFjhv4Gk4.JPG","https://cdn-be.motork.net/dealer/datafiles/vehicle/images/800/121/Y177i2FFm3XluWz1.JPG",,
"102580","2023 Ford Fiesta ST-Line - Carplay/Android Auto - Winter Pack!!","Ford Fiesta ST-Line - Carplay/Android Auto - Winter Pack!! bij AB Automotive Vilvoorde. Hatchback, Benzine, Manueel. Bouwjaar 2023, 16.301 km. Uitrusting: 17'' lichtmetalen velgen Rock Metallic - 5x2 spaken - 205/45 R17 banden, 2-weg manueel verstelbare passagierszetel, 4-weg manueel verstelbare bestuurderszetel, Achterbank (rug) neerklapbaar in 2 delen (60/40), Aluminium pedalen, Automatische airconditioning, Automatische grootlichten, Automatische koplampen met dagrijlichten. Gecontroleerde occasie met minimum 1 jaar garantie. Boek je testrit online.","https://nl.advusedcars.be/autos/tweedehands/vilvoorde/ford/fiesta/benzine/st-line-carplay-android-auto-winter-pack/102580/","Ford","Fiesta","2023","ST-Line - Carplay/Android Auto - Winter Pack!!","16301","KM","18990.00 EUR","HATCHBACK","Zwart","Zwart","Used","WF0JXXGAHJPD34830","Manual","GASOLINE","FWD","available",,"car_truck","active","2026-08-13","21","B708","{""addr1"":""Mechelsesteenweg 295"",""city"":""Vilvoorde"",""region"":""Vlaams-Brabant"",""postal_code"":""1800"",""country"":""BE""}","50.945310","4.442320","ADV-AB-VILVOORDE","AB Automotive Vilvoorde","+3222540310","AB Automotive Vilvoorde","Ford","Benzine","https://cdn-be.motork.net/dealer/datafiles/vehicle/images/800/121/MUbX8PlqyXIzjgVp.jpg","https://cdn-be.motork.net/dealer/datafiles/vehicle/images/800/121/faEQ5dk8FQ9QqzwR.jpg","https://cdn-be.motork.net/dealer/datafiles/vehicle/images/800/121/B8fN8ANwtGOrFnPB.jpg","https://cdn-be.motork.net/dealer/datafiles/vehicle/images/800/121/8wHx58Uvf6kSMDw9.jpg","https://cdn-be.motork.net/dealer/datafiles/vehicle/images/800/121/QJjYY69zdUeE50hd.jpg","https://cdn-be.motork.net/dealer/datafiles/vehicle/images/800/121/6XfqeE74KiITAwdb.jpg","https://cdn-be.motork.net/dealer/datafiles/vehicle/images/800/121/uXmhTSjBkJ1ctCba.jpg","https://cdn-be.motork.net/dealer/datafiles/vehicle/images/800/121/U4RJ62arcT5uHRCf.jpg","https://cdn-be.motork.net/dealer/datafiles/vehicle/images/800/121/FO4eEkAVkQ41qNzw.jpg","https://cdn-be.motork.net/dealer/datafiles/vehicle/images/800/121/CbnhR6MfL062yIZr.jpg","https://cdn-be.motork.net/dealer/datafiles/vehicle/images/800/121/1pZUNActf0Iv9Ftw.jpg","https://cdn-be.motork.net/dealer/datafiles/vehicle/images/800/121/6YLJ7oUHidcGEIf1.jpg","https://cdn-be.motork.net/dealer/datafiles/vehicle/images/800/121/ZWvzzQ8I5t0cAOml.jpg","https://cdn-be.motork.net/dealer/datafiles/vehicle/images/800/121/BFcyMsTnvwDFfmgK.jpg",,,,,,
"102597","2024 Ford Focus Winter Pack - Carplay/Android Auto - Ruby Red Metallic!!","Ford Focus Winter Pack - Carplay/Android Auto - Ruby Red Metallic!! bij AB Automotive Vilvoorde. Break, Hybride (benzine), Manueel. Bouwjaar 2024, 16.550 km. Uitrusting: ''Foundry'' in zwart met rode stiksels - ''Eton'' in zwart, 1 jaar Ford Pass Connected Services, 12V aansluiting in de kofferruimte, 17'' lichtmetalen velgen - ''Rock Metallic'' - 5 dubbele spaken - banden 215/50, 17'' lichtmetalen velgen - Rock Metallic - 5 dubbele spaken - banden 215/50 R17, 2-weg manueel instelbare passagierszetel, 4-weg manueel instelbare bestuurderszetel met lendensteun, 4-weg manueel verstelbare bestuurderszetel. Gecontroleerde occasie met minimum 1 jaar garantie. Boek je testrit online.","https://nl.advusedcars.be/autos/tweedehands/vilvoorde/ford/focus/hybride-benzine/winter-pack-carplay-android-auto-ruby-red-metallic/102597/","Ford","Focus","2024","Winter Pack - Carplay/Android Auto - Ruby Red Meta","16550","KM","23990.00 EUR","WAGON","Rood","Zwart","Used","WF0NXXGCHNPY14818","Manual","HYBRID","FWD","available",,"car_truck","active","2026-08-13","21","B764","{""addr1"":""Mechelsesteenweg 295"",""city"":""Vilvoorde"",""region"":""Vlaams-Brabant"",""postal_code"":""1800"",""country"":""BE""}","50.945310","4.442320","ADV-AB-VILVOORDE","AB Automotive Vilvoorde","+3222540310","AB Automotive Vilvoorde","Ford","Hybride (benzine)","https://cdn-be.motork.net/dealer/datafiles/vehicle/images/800/121/IzNhLj2cDDa6Gcht.jpg","https://cdn-be.motork.net/dealer/datafiles/vehicle/images/800/121/xDKAL8N9GjS59ldT.JPG","https://cdn-be.motork.net/dealer/datafiles/vehicle/images/800/121/wMa791LcOfb8RY1F.JPG","https://cdn-be.motork.net/dealer/datafiles/vehicle/images/800/121/oGWnq7arq7E5LU5n.JPG","https://cdn-be.motork.net/dealer/datafiles/vehicle/images/800/121/9XsJnET6bUIf3VAc.JPG","https://cdn-be.motork.net/dealer/datafiles/vehicle/images/800/121/GuTw9aEPVg2cJctI.JPG","https://cdn-be.motork.net/dealer/datafiles/vehicle/images/800/121/Lq5lxoRpgtMJyiIQ.JPG","https://cdn-be.motork.net/dealer/datafiles/vehicle/images/800/121/RXR4WaXGzVDNODTl.JPG","https://cdn-be.motork.net/dealer/datafiles/vehicle/images/800/121/8nGIOJvQdDF3szbL.JPG","https://cdn-be.motork.net/dealer/datafiles/vehicle/images/800/121/z5rOOvrwkqW2v95D.JPG","https://cdn-be.motork.net/dealer/datafiles/vehicle/images/800/121/mdr8UYguZBUrq79V.JPG","https://cdn-be.motork.net/dealer/datafiles/vehicle/images/800/121/gayAcF1yKNjEgDbv.JPG","https://cdn-be.motork.net/dealer/datafiles/vehicle/images/800/121/EgdqQZpskrQxn2Y5.JPG","https://cdn-be.motork.net/dealer/datafiles/vehicle/images/800/121/h6GG76deZDFEQNeL.JPG","https://cdn-be.motork.net/dealer/datafiles/vehicle/images/800/121/pSlThlEfJdJwiRyI.JPG","https://cdn-be.motork.net/dealer/datafiles/vehicle/images/800/121/sPVse7RQqRdKAlKx.jpg",,,,
"102615","2024 Ford Kuga PHEV ST-Line X - Graphite Tech Edition!!","Ford Kuga PHEV ST-Line X - Graphite Tech Edition!! bij AB Automotive Vilvoorde. SUV, Plug-in hybride, Automaat. Bouwjaar 2024, 147 km. Uitrusting: 12V aansluiting in de kofferruimte, 18'' lichtmetalen velgen - Rock Metallic - banden 225/60 R18 100V, 360° camerasysteem, 4-weg elektrisch verstelbare lendensteun, 8-weg elektrisch verstelbare bestuurderszetel (AGR-gecertificeerd) met geheugenf, ABS met elektronische remkrachtverdeling, Achterbank (rug) elektrisch neerklapbaar in 2 delen (60/40), Achteruitrijcamera. Gecontroleerde occasie met minimum 1 jaar garantie. Boek je testrit online.","https://nl.advusedcars.be/autos/tweedehands/vilvoorde/ford/kuga/plug-in-hybride/phev-st-line-x-graphite-tech-edition/102615/","Ford","Kuga","2024","PHEV ST-Line X - Graphite Tech Edition!!","147","KM","32990.00 EUR","SUV","Grijs","Zwart","Used","WF0FXXWPMHPP43744","Automatic","HYBRID","FWD","available",,"car_truck","active","2026-08-13","21","B716","{""addr1"":""Mechelsesteenweg 295"",""city"":""Vilvoorde"",""region"":""Vlaams-Brabant"",""postal_code"":""1800"",""country"":""BE""}","50.945310","4.442320","ADV-AB-VILVOORDE","AB Automotive Vilvoorde","+3222540310","AB Automotive Vilvoorde","Ford","Plug-in hybride","https://cdn-be.motork.net/dealer/datafiles/vehicle/images/800/121/z24zyFsoFOU7x6QO.JPG","https://cdn-be.motork.net/dealer/datafiles/vehicle/images/800/121/hyxlWKIYo1aLo0ru.JPG","https://cdn-be.motork.net/dealer/datafiles/vehicle/images/800/121/CvJiP73BCjGHyzmP.JPG","https://cdn-be.motork.net/dealer/datafiles/vehicle/images/800/121/8f1vf75anvAS8twR.JPG","https://cdn-be.motork.net/dealer/datafiles/vehicle/images/800/121/90sluCFg4EwOvcHu.JPG","https://cdn-be.motork.net/dealer/datafiles/vehicle/images/800/121/Ha46ENTqRHKHC4rW.JPG","https://cdn-be.motork.net/dealer/datafiles/vehicle/images/800/121/f3tiXfb334qaUsAT.JPG","https://cdn-be.motork.net/dealer/datafiles/vehicle/images/800/121/ShvaS9d5EzuA7Mry.JPG","https://cdn-be.motork.net/dealer/datafiles/vehicle/images/800/121/QfXxRLBxCaqCWyLK.JPG","https://cdn-be.motork.net/dealer/datafiles/vehicle/images/800/121/ZUpE9gS9xf2bcztM.JPG","https://cdn-be.motork.net/dealer/datafiles/vehicle/images/800/121/UXs1ocWAUX8J3pS4.JPG","https://cdn-be.motork.net/dealer/datafiles/vehicle/images/800/121/Z8C32Metxd5hgXLb.JPG","https://cdn-be.motork.net/dealer/datafiles/vehicle/images/800/121/7epyWmqC7w4rQCFV.JPG","https://cdn-be.motork.net/dealer/datafiles/vehicle/images/800/121/FAcyvi5SKR3pjw65.JPG","https://cdn-be.motork.net/dealer/datafiles/vehicle/images/800/121/2vJMng2IJ0WPwJgx.JPG","https://cdn-be.motork.net/dealer/datafiles/vehicle/images/800/121/JUJ53q74cBTK1IDG.JPG",,,,
"102653","2021 Ford Focus Carplay/Android Auto - Winter Pack - Magnetic Metallic!!","Ford Focus Carplay/Android Auto - Winter Pack - Magnetic Metallic!! bij AB Automotive Vilvoorde. Break, Benzine, Manueel. Bouwjaar 2021, 43.676 km. Uitrusting: 12V aansluiting in de kofferruimte, 16'' Designer stalen velgen - Fine Silver - 5 spaken - banden 205/60 R16, 16'' lichtmetalen velgen - ''Sparkle Silver'' - 5 dubbele spaken - banden 205/60, 2-weg manueel instelbare passagierszetel, 4-weg manueel instelbare bestuurderszetel met lendensteun, 4-weg manueel verstelbare bestuurderszetel, ABS met elektronische remkrachtverdeling, Active Grille Shutter. Gecontroleerde occasie met minimum 1 jaar garantie. Boek je testrit online.","https://nl.advusedcars.be/autos/tweedehands/vilvoorde/ford/focus/benzine/carplay-android-auto-winter-pack-magnetic-metallic/102653/","Ford","Focus","2021","Carplay/Android Auto - Winter Pack - Magnetic Meta","43676","KM","16990.00 EUR","WAGON","Grijs","Zwart","Used","WF0PXXGCHPMC64788","Manual","GASOLINE","FWD","available",,"car_truck","active","2026-08-13","21","B693","{""addr1"":""Mechelsesteenweg 295"",""city"":""Vilvoorde"",""region"":""Vlaams-Brabant"",""postal_code"":""1800"",""country"":""BE""}","50.945310","4.442320","ADV-AB-VILVOORDE","AB Automotive Vilvoorde","+3222540310","AB Automotive Vilvoorde","Ford","Benzine","https://cdn-be.motork.net/dealer/datafiles/vehicle/images/800/121/aPuKhMSf5jBiVHxp.JPG","https://cdn-be.motork.net/dealer/datafiles/vehicle/images/800/121/GKNFjwCQGACVyzvF.JPG","https://cdn-be.motork.net/dealer/datafiles/vehicle/images/800/121/tygiDpOWBhfj3dfb.JPG","https://cdn-be.motork.net/dealer/datafiles/vehicle/images/800/121/gQSWys1HeiIkCO8m.JPG","https://cdn-be.motork.net/dealer/datafiles/vehicle/images/800/121/JjcNUSiflr0qHFJi.JPG","https://cdn-be.motork.net/dealer/datafiles/vehicle/images/800/121/YKn5oL0SJXqN4tQ7.JPG","https://cdn-be.motork.net/dealer/datafiles/vehicle/images/800/121/5WkgwQYw4uTPrM1B.JPG","https://cdn-be.motork.net/dealer/datafiles/vehicle/images/800/121/OK4tNFh0CZgrkRjl.JPG","https://cdn-be.motork.net/dealer/datafiles/vehicle/images/800/121/7LvZa7U3BXlctGmK.JPG","https://cdn-be.motork.net/dealer/datafiles/vehicle/images/800/121/6NADRwbBnjHx53W5.JPG","https://cdn-be.motork.net/dealer/datafiles/vehicle/images/800/121/onLApGpLsBFO9bWa.JPG","https://cdn-be.motork.net/dealer/datafiles/vehicle/images/800/121/kft6ZzgcPgZFX2as.JPG","https://cdn-be.motork.net/dealer/datafiles/vehicle/images/800/121/88b47mOBnorJYRWD.JPG","https://cdn-be.motork.net/dealer/datafiles/vehicle/images/800/121/4sSSMtdbePBu4UTj.JPG","https://cdn-be.motork.net/dealer/datafiles/vehicle/images/800/121/B0mr8MB3RHgzog43.JPG","https://cdn-be.motork.net/dealer/datafiles/vehicle/images/800/121/GPr6RvAgPkjaSEX9.JPG",,,,
"103629","2020 Ford Mondeo HEV ST-Line Hybrid AUT","Ford Mondeo HEV ST-Line Hybrid AUT bij ADV Used Cars. Break, Hybride (benzine), Automaat. Bouwjaar 2020, 40.070 km. Uitrusting: 'Quickclear' elektrische voorruitontdooiing, 10-weg elektrisch verstelbare voorzetels, bestuurderszetel met geheugenfunctie, 18'' lichtmetalen velgen - 5 dubbele spaken in Rock Metallic met 235/45 R18 band, Achterbank (rug) neerklapbaar in 2 delen (60/40), Achterspoiler in koetswerkkleur, Aluminium pedalen, Antiblokkeersysteem (ABS) met elektronische remkrachtverdeling (EBD), elektronis, Automatisch dimmende interieurspiegel. Gecontroleerde occasie met minimum 1 jaar garantie. Boek je testrit online.","https://nl.advusedcars.be/autos/tweedehands/vilvoorde/ford/mondeo/hybride-benzine/hev-st-line-hybrid-aut/103629/","Ford","Mondeo","2020","HEV ST-Line Hybrid AUT","40070","KM","19990.00 EUR","WAGON","Blauw","Zwart","Used","WF0FXXWPCHLY69515","Automatic","HYBRID","FWD","available",,"car_truck","active","2026-08-14","20","B734","{""addr1"":""Schaarbeeklei 555"",""city"":""Vilvoorde"",""region"":""Vlaams-Brabant"",""postal_code"":""1800"",""country"":""BE""}","50.910626","4.417513","ADV-USEDCARS-VILVOORDE","ADV Used Cars","+3222546995","ADV Used Cars","Ford","Hybride (benzine)","https://cdn-be.motork.net/dealer/datafiles/vehicle/images/800/121/Ngs9Tc75begmOrBU.JPG","https://cdn-be.motork.net/dealer/datafiles/vehicle/images/800/121/3UY42lHqbeHICAp0.JPG","https://cdn-be.motork.net/dealer/datafiles/vehicle/images/800/121/vDuzQjqZ7TgHXJMe.JPG","https://cdn-be.motork.net/dealer/datafiles/vehicle/images/800/121/ao9urVU3aN34KrVg.JPG","https://cdn-be.motork.net/dealer/datafiles/vehicle/images/800/121/ZwctrbJZA43nX3pj.JPG","https://cdn-be.motork.net/dealer/datafiles/vehicle/images/800/121/MVbQNyxoSbiEiFkY.JPG","https://cdn-be.motork.net/dealer/datafiles/vehicle/images/800/121/P9l8l6zPFkSgF3J2.JPG","https://cdn-be.motork.net/dealer/datafiles/vehicle/images/800/121/7vHRVF5b9A6ZYsW6.JPG","https://cdn-be.motork.net/dealer/datafiles/vehicle/images/800/121/3ShNkqcRX3M992gy.JPG","https://cdn-be.motork.net/dealer/datafiles/vehicle/images/800/121/Kxu6xFhQgTng0ZZ5.JPG","https://cdn-be.motork.net/dealer/datafiles/vehicle/images/800/121/8vltcKKsnqPq9cVa.JPG","https://cdn-be.motork.net/dealer/datafiles/vehicle/images/800/121/xuvrZjDa54gYPwu5.JPG","https://cdn-be.motork.net/dealer/datafiles/vehicle/images/800/121/5FBghPCYEXQXwSNx.JPG","https://cdn-be.motork.net/dealer/datafiles/vehicle/images/800/121/Xiz44BFxw1UaIN8Q.JPG","https://cdn-be.motork.net/dealer/datafiles/vehicle/images/800/121/yKPPMchKMgPi5rPg.JPG","https://cdn-be.motork.net/dealer/datafiles/vehicle/images/800/121/epp2tVO54VdJIq6n.JPG","https://cdn-be.motork.net/dealer/datafiles/vehicle/images/800/121/WbKGw9alQpGSJq6Z.JPG","https://cdn-be.motork.net/dealer/datafiles/vehicle/images/800/121/5hzzvlU4W6mgm6Yy.JPG",,
"103716","2023 Ford Mustang 5.0 V8 - Mach 1 - Recaro Seats - Manual!!","Ford Mustang 5.0 V8 - Mach 1 - Recaro Seats - Manual!! bij ADV Used Cars. Coupé, Benzine, Manueel. Bouwjaar 2023, 11.075 km. Uitrusting: 19'' lichtmetalen velgen - Magnetic - 5 spaken - 255/40 R19 banden vooraan, 275/, 4-weg verstelbare hoofdsteunen vooraan, ABS met Roll Stability Control (RSC), Accentstriping met Mach 1-script op motorkap, Accentstriping op de flanken, Achteruitrijcamera, Achterwielaandrijving met limited slip differentieel, Achterwielophanging met schroefveren, anti-rollbar en enkele demper. Gecontroleerde occasie met minimum 1 jaar garantie. Boek je testrit online.","https://nl.advusedcars.be/autos/tweedehands/vilvoorde/ford/mustang/benzine/5-0-v8-mach-1-recaro-seats-manual/103716/","Ford","Mustang","2023","5.0 V8 - Mach 1 - Recaro Seats - Manual!!","11075","KM","55950.00 EUR","COUPE","Grijs","Zwart","Used","1FA6P8R09M5552246","Manual","GASOLINE","RWD","available",,"car_truck","active","2026-08-14","20","B757","{""addr1"":""Schaarbeeklei 555"",""city"":""Vilvoorde"",""region"":""Vlaams-Brabant"",""postal_code"":""1800"",""country"":""BE""}","50.910626","4.417513","ADV-USEDCARS-VILVOORDE","ADV Used Cars","+3222546995","ADV Used Cars","Ford","Benzine","https://cdn-be.motork.net/dealer/datafiles/vehicle/images/800/121/jm4i8FzRdlzE2tOk.jpeg","https://cdn-be.motork.net/dealer/datafiles/vehicle/images/800/121/yk9WqgVnmYzO8p6K.jpeg","https://cdn-be.motork.net/dealer/datafiles/vehicle/images/800/121/5umBGXs1pMA6n7oc.jpeg","https://cdn-be.motork.net/dealer/datafiles/vehicle/images/800/121/x5BmutiGh3E5kmab.jpeg","https://cdn-be.motork.net/dealer/datafiles/vehicle/images/800/121/Dvs21q2Rl8cNGKL5.jpeg","https://cdn-be.motork.net/dealer/datafiles/vehicle/images/800/121/c3sp34mt3HPa0b2F.jpeg","https://cdn-be.motork.net/dealer/datafiles/vehicle/images/800/121/gZTN9kIBpigkXrfe.jpeg","https://cdn-be.motork.net/dealer/datafiles/vehicle/images/800/121/fnfDFuIt9rQl6Vq9.jpeg","https://cdn-be.motork.net/dealer/datafiles/vehicle/images/800/121/oyBDbrlFkKJIlBG9.jpeg","https://cdn-be.motork.net/dealer/datafiles/vehicle/images/800/121/63jYraWzdf4Rc6TL.jpeg","https://cdn-be.motork.net/dealer/datafiles/vehicle/images/800/121/wyDqwRpTAkVUat8o.jpeg","https://cdn-be.motork.net/dealer/datafiles/vehicle/images/800/121/NQThSlEpH7YoLUJf.jpeg","https://cdn-be.motork.net/dealer/datafiles/vehicle/images/800/121/mvn0B2xyINfqhEKB.jpeg","https://cdn-be.motork.net/dealer/datafiles/vehicle/images/800/121/cwFcHOJ50aXzzcES.jpeg","https://cdn-be.motork.net/dealer/datafiles/vehicle/images/800/121/s1ojspsu493vnwOn.jpeg","https://cdn-be.motork.net/dealer/datafiles/vehicle/images/800/121/49SiMZFL3sEiTz8x.jpeg",,,,
"113080","2025 Ford Transit Connect EcoBlue Trend AUT LWB - Meteen beschikbaar!!","Ford Transit Connect EcoBlue Trend AUT LWB - Meteen beschikbaar!! bij ADV Used Cars. Bestelwagen, Diesel, Automaat. Bouwjaar 2025, 24 km. Uitrusting: ''Heavy Duty'' batterij, 10'' Touchscreen, 12V aansluiting in laadruimte, 17'' stalen wielen met 215/55 banden, 2 bekerhouders voorin, 2 sleutels afstandbediend, 4-weg verstelbare voorzetel bestuurder, 4-weg verstelbare voorzetel passagier. Gecontroleerde occasie met minimum 1 jaar garantie. Boek je testrit online.","https://nl.advusedcars.be/autos/tweedehands/vilvoorde/ford/transit-connect/diesel/ecoblue-trend-aut-lwb-meteen-beschikbaar/113080/","Ford","Transit Connect","2025","EcoBlue Trend AUT LWB - Meteen beschikbaar!!","24","KM","29027.90 EUR","VAN","Wit","Zwart","Used","WF0CXXSK5TX004926","Automatic","DIESEL","FWD","available",,"commercial","active","2026-08-19","15","B791","{""addr1"":""Schaarbeeklei 555"",""city"":""Vilvoorde"",""region"":""Vlaams-Brabant"",""postal_code"":""1800"",""country"":""BE""}","50.910626","4.417513","ADV-USEDCARS-VILVOORDE","ADV Used Cars","+3222546995","ADV Used Cars","Ford","Diesel","https://cdn-be.motork.net/dealer/datafiles/vehicle/images/800/121/6d02aVCQdUUXQ2I9.JPG","https://cdn-be.motork.net/dealer/datafiles/vehicle/images/800/121/pnZ1JEz1QM6wDDoy.JPG","https://cdn-be.motork.net/dealer/datafiles/vehicle/images/800/121/HECYgHMU0dV4Avzb.JPG","https://cdn-be.motork.net/dealer/datafiles/vehicle/images/800/121/YT7klslGwnYFVrA2.JPG","https://cdn-be.motork.net/dealer/datafiles/vehicle/images/800/121/CmWG9nviBBx9dcGD.JPG","https://cdn-be.motork.net/dealer/datafiles/vehicle/images/800/121/rEBtozuyznwK1n94.JPG","https://cdn-be.motork.net/dealer/datafiles/vehicle/images/800/121/4xrkAAKKFcdrZNjJ.JPG","https://cdn-be.motork.net/dealer/datafiles/vehicle/images/800/121/Xtw5euDvGqeTTCsr.JPG","https://cdn-be.motork.net/dealer/datafiles/vehicle/images/800/121/g16RkVyIDZqcftoA.JPG","https://cdn-be.motork.net/dealer/datafiles/vehicle/images/800/121/CfMtKAqMwXviobdl.JPG","https://cdn-be.motork.net/dealer/datafiles/vehicle/images/800/121/DyZh2TaAX3zj0sOi.JPG","https://cdn-be.motork.net/dealer/datafiles/vehicle/images/800/121/g3C8dmf7IgXLBbGT.JPG","https://cdn-be.motork.net/dealer/datafiles/vehicle/images/800/121/bYaKadEqaWwaiHVv.JPG","https://cdn-be.motork.net/dealer/datafiles/vehicle/images/800/121/0PGzD7WzubpjMbX4.JPG","https://cdn-be.motork.net/dealer/datafiles/vehicle/images/800/121/3TDIeQuCD5Pw1utw.JPG","https://cdn-be.motork.net/dealer/datafiles/vehicle/images/800/121/jeX1j5NP1hTyt8FC.JPG",,,,
"119477","2019 Ford KA+ Active uitvoering - Ruby Red - Slechts 31.000 km!!","Ford KA+ Active uitvoering - Ruby Red - Slechts 31.000 km!! bij ADV Used Cars. Hatchback, Benzine, Manueel. Bouwjaar 2019, 31.024 km. Uitrusting: 'Active' drempelbeschermers, 12V-aansluiting, 15'' lichtmetalen velgen 'Active Style' - 185/60 R15 banden, ABS, Achterbank (rug) neerklapbaar in 2 delen (60/40), Airbags bestuurder en passagier (incl. desactiv.), zijairbags en gordijnairbags, Bandendruksensoren, Bestuurderszetel 4-weg manueel verstelbaar (voor/achter - hoogte). Gecontroleerde occasie met minimum 1 jaar garantie. Boek je testrit online.","https://nl.advusedcars.be/autos/tweedehands/vilvoorde/ford/ka/benzine/active-uitvoering-ruby-red-slechts-31-000-km/119477/","Ford","KA+","2019","Active uitvoering - Ruby Red - Slechts 31.000 km!!","31024","KM","8990.00 EUR","HATCHBACK","Rood","Zwart","Used","MAJUXXMTKUKD83240","Manual","GASOLINE","FWD","available",,"car_truck","active","2026-08-21","13","B803","{""addr1"":""Schaarbeeklei 555"",""city"":""Vilvoorde"",""region"":""Vlaams-Brabant"",""postal_code"":""1800"",""country"":""BE""}","50.910626","4.417513","ADV-USEDCARS-VILVOORDE","ADV Used Cars","+3222546995","ADV Used Cars","Ford","Benzine","https://cdn-be.motork.net/dealer/datafiles/vehicle/images/800/121/agHgarpoJDoEDbl9.jpeg","https://cdn-be.motork.net/dealer/datafiles/vehicle/images/800/121/o9hakaQPpwEMZrie.jpeg","https://cdn-be.motork.net/dealer/datafiles/vehicle/images/800/121/Vk71ev362coATXYH.jpeg","https://cdn-be.motork.net/dealer/datafiles/vehicle/images/800/121/l3LGaAW8Kt1lpk2d.jpeg","https://cdn-be.motork.net/dealer/datafiles/vehicle/images/800/121/RUIeAVa1OCxqnSti.jpeg","https://cdn-be.motork.net/dealer/datafiles/vehicle/images/800/121/LpOTpkOJdOOsqS6u.jpeg","https://cdn-be.motork.net/dealer/datafiles/vehicle/images/800/121/OeZefHZxFKupImMD.jpeg","https://cdn-be.motork.net/dealer/datafiles/vehicle/images/800/121/5aUPADSu2LKhG65e.jpeg","https://cdn-be.motork.net/dealer/datafiles/vehicle/images/800/121/sJTkiiu4i4dVLSSZ.jpeg","https://cdn-be.motork.net/dealer/datafiles/vehicle/images/800/121/TjrYtGueX5zlYr2U.jpeg","https://cdn-be.motork.net/dealer/datafiles/vehicle/images/800/121/Gf9krljntOwdGH2A.jpeg","https://cdn-be.motork.net/dealer/datafiles/vehicle/images/800/121/ttuiGUM08WbQ72sv.jpeg","https://cdn-be.motork.net/dealer/datafiles/vehicle/images/800/121/CiHJoDwaG9YyYGmV.jpeg","https://cdn-be.motork.net/dealer/datafiles/vehicle/images/800/121/typwu6GHPriXLFIx.jpeg","https://cdn-be.motork.net/dealer/datafiles/vehicle/images/800/121/Fs63zlsCIGUo8eCK.jpeg","https://cdn-be.motork.net/dealer/datafiles/vehicle/images/800/121/CfH0JnX73I8RT9aX.jpeg",,,,
"138686","2026 Ford Ranger 3.0 EcoBoost V6 4WD Raptor by BOLD AUTOMOTIVE - 59.990 excl. BTW!!","Ford Ranger 3.0 EcoBoost V6 4WD Raptor by BOLD AUTOMOTIVE - 59.990 excl. BTW!! bij ADV Used Cars. Pick-up, Benzine, Automaat. Bouwjaar 2026, 4.443 km. Uitrusting: 12'' Multifunctioneel Display met SYNC 4A®, navigatiesysteem, AppleCarPlay/Android Auto™, USB-aansluitingen en AM/FM/DAB+, 13 Pin Stopcontact, 360° Camera, 8 B&O®-Luidsprekers, ABS/ESP, Active Park Assist, Alarm, All Terrain banden LT285/70R17. Gecontroleerde occasie met minimum 1 jaar garantie. Boek je testrit online.","https://nl.advusedcars.be/autos/tweedehands/vilvoorde/ford/ranger/benzine/3-0-ecoboost-v6-4wd-raptor-by-bold-automotive-59-990-excl-btw/138686/","Ford","Ranger","2026","3.0 EcoBoost V6 4WD Raptor by BOLD AUTOMOTIVE - 59","4443","KM","72587.90 EUR","TRUCK","Zwart","Bordeaux","Used","6FPF2CMX0FSA20289","Automatic","GASOLINE","4X4","available",,"car_truck","active","2026-08-26","8","B","{""addr1"":""Schaarbeeklei 555"",""city"":""Vilvoorde"",""region"":""Vlaams-Brabant"",""postal_code"":""1800"",""country"":""BE""}","50.910626","4.417513","ADV-USEDCARS-VILVOORDE","ADV Used Cars","+3222546995","ADV Used Cars","Ford","Benzine","https://cdn-be.motork.net/dealer/datafiles/vehicle/images/800/121/MQZJVAkoyyINNJKr.jpg","https://cdn-be.motork.net/dealer/datafiles/vehicle/images/800/121/a7AZvxcCfnJuvG4B.jpeg","https://cdn-be.motork.net/dealer/datafiles/vehicle/images/800/121/8jAb0AcsDYWoTtBf.jpeg","https://cdn-be.motork.net/dealer/datafiles/vehicle/images/800/121/XP3DcFn76Mc2lJrB.jpeg","https://cdn-be.motork.net/dealer/datafiles/vehicle/images/800/121/4ANIfJLiFDhEeTQx.jpeg","https://cdn-be.motork.net/dealer/datafiles/vehicle/images/800/121/oIFit73sxdydZKJk.jpeg","https://cdn-be.motork.net/dealer/datafiles/vehicle/images/800/121/2JmYfoUvRo7kWIss.jpeg","https://cdn-be.motork.net/dealer/datafiles/vehicle/images/800/121/eka03hgricWbPpQj.jpeg","https://cdn-be.motork.net/dealer/datafiles/vehicle/images/800/121/qHMVGduzRPsJKrFN.jpeg","https://cdn-be.motork.net/dealer/datafiles/vehicle/images/800/121/WA2QhFHu6Xgqwa2I.jpeg","https://cdn-be.motork.net/dealer/datafiles/vehicle/images/800/121/8V32XtUol2VmI7yZ.jpeg","https://cdn-be.motork.net/dealer/datafiles/vehicle/images/800/121/Glu55c3r8gtU3fMo.jpeg","https://cdn-be.motork.net/dealer/datafiles/vehicle/images/800/121/CV4NRFNglWO2siif.jpeg","https://cdn-be.motork.net/dealer/datafiles/vehicle/images/800/121/Eyg8pvYZVfUAMDgH.jpeg","https://cdn-be.motork.net/dealer/datafiles/vehicle/images/800/121/So2gJsjYbcc0P94i.jpeg","https://cdn-be.motork.net/dealer/datafiles/vehicle/images/800/121/zy98aLuHoYyn5nf2.jpeg","https://cdn-be.motork.net/dealer/datafiles/vehicle/images/800/121/uRCQkZBpT9jYRttl.jpeg","https://cdn-be.motork.net/dealer/datafiles/vehicle/images/800/121/AP7mWNqLrguhFzZZ.jpeg","https://cdn-be.motork.net/dealer/datafiles/vehicle/images/800/121/DF5ypJ87AA2ufZ4m.jpeg","https://cdn-be.motork.net/dealer/datafiles/vehicle/images/800/121/BpQ8AL7QvdKOmVH7.jpeg"
"139170","2024 Ford Ranger Wildtrak - Full Option - € 37.200 excl. BTW!!","Ford Ranger Wildtrak - Full Option - € 37.200 excl. BTW!! bij ADV Used Cars. Pick-up, Diesel, Automaat. Bouwjaar 2024, 22.501 km. Uitrusting: 12'' aanraakscherm met SYNC 4, Apple Carplay en Android Auto, navigatiesysteem, audiosysteem met 6 luidsprekers en AM/FM-radio met DAB, stuurbediening, 12V-aansluiting achteraan, 18'' aluminium reservewiel, 18'' aluminium velgen in Medium Bolder Grey met zwarte naafdop, 255/65 all-seasonsbanden, 360° zoneverlichting, 8-weg elektrisch instelbare bestuurderszetel en 4-weg manueel instelbare passagierszetel, verwarmbaar, ABS/ESP, Achterbank met drie zitplaatsen en hoofdsteunen. Gecontroleerde occasie met minimum 1 jaar garantie. Boek je testrit online.","https://nl.advusedcars.be/autos/tweedehands/vilvoorde/ford/ranger/diesel/wildtrak-full-option-37-200-excl-btw/139170/","Ford","Ranger","2024","Wildtrak - Full Option - € 37.200 excl. BTW!!","22501","KM","45012.00 EUR","TRUCK","Oranje","Zwart","Used","6FPPXXMJ2PRA73739","Automatic","DIESEL","4X4","available",,"car_truck","active","2026-08-26","8","B","{""addr1"":""Schaarbeeklei 555"",""city"":""Vilvoorde"",""region"":""Vlaams-Brabant"",""postal_code"":""1800"",""country"":""BE""}","50.910626","4.417513","ADV-USEDCARS-VILVOORDE","ADV Used Cars","+3222546995","ADV Used Cars","Ford","Diesel","https://cdn-be.motork.net/dealer/datafiles/vehicle/images/800/121/HOCnUsO491Opgk0l.jpg","https://cdn-be.motork.net/dealer/datafiles/vehicle/images/800/121/wmJefeDcqLxXZUGg.jpeg","https://cdn-be.motork.net/dealer/datafiles/vehicle/images/800/121/z8geh8xgtwh9VknI.jpeg","https://cdn-be.motork.net/dealer/datafiles/vehicle/images/800/121/MN1XBYUvb1HHZe5N.jpeg","https://cdn-be.motork.net/dealer/datafiles/vehicle/images/800/121/HZEjiocJAOh4Rg1A.jpeg","https://cdn-be.motork.net/dealer/datafiles/vehicle/images/800/121/KvvEUjvTmWmaDiQu.jpeg","https://cdn-be.motork.net/dealer/datafiles/vehicle/images/800/121/JgeqOXNnH6kIb9Ad.jpeg","https://cdn-be.motork.net/dealer/datafiles/vehicle/images/800/121/Acev7m1JdZLj860s.jpeg","https://cdn-be.motork.net/dealer/datafiles/vehicle/images/800/121/CcmfEWaflw0qk7Zs.jpeg","https://cdn-be.motork.net/dealer/datafiles/vehicle/images/800/121/FvXoBdglW9G4uUNv.jpeg","https://cdn-be.motork.net/dealer/datafiles/vehicle/images/800/121/VfQZzgb9nH8vtouv.jpeg","https://cdn-be.motork.net/dealer/datafiles/vehicle/images/800/121/fZUW47s7lPQCZUdm.jpeg","https://cdn-be.motork.net/dealer/datafiles/vehicle/images/800/121/6K4mdXs9Njux5mKE.jpeg","https://cdn-be.motork.net/dealer/datafiles/vehicle/images/800/121/2ZEaqYLpLTh4BA3c.jpeg","https://cdn-be.motork.net/dealer/datafiles/vehicle/images/800/121/EhUPT90HzBM0OIK9.jpeg","https://cdn-be.motork.net/dealer/datafiles/vehicle/images/800/121/SgWDmWu9PJUreUd3.jpeg","https://cdn-be.motork.net/dealer/datafiles/vehicle/images/800/121/SrWW2YS388DlNExp.jpeg",,,
"139266","2023 Ford Puma Vivid Ruby Edition - Automaat - Carplay/Android Auto - 13.800 km!!","Ford Puma Vivid Ruby Edition - Automaat - Carplay/Android Auto - 13.800 km!! bij ADV Used Cars. SUV, Benzine, Automaat. Bouwjaar 2023, 13.802 km. Uitrusting: 'Quickclear' elektrische voorruitontdooiing, verwarmde zetels vooraan en verwarmd stuurwiel, 12.3'' Digitaal instrumentenbord, 18'' Lichtmetalen velgen - Black - 215/50 R18 banden, 2-weg manueel instelbare passagierszetel, 4-weg manueel instelbare bestuurderszetel, ABS met elektronische remkrachtverdeling - ESC inclusief assistentie bij vertrek op helling, Achterbank neerklapbaar in twee delen (60/40), Active Park Assist - semi-automatisch parkeerhulpsysteem met parkeerhulp voor- en achteraan. Gecontroleerde occasie met minimum 1 jaar garantie. Boek je testrit online.","https://nl.advusedcars.be/autos/tweedehands/vilvoorde/ford/puma/benzine/vivid-ruby-edition-automaat-carplay-android-auto-13-800-km/139266/","Ford","Puma","2023","Vivid Ruby Edition - Automaat - Carplay/Android Au","13802","KM","23490.00 EUR","SUV","Paars","Zwart","Used","WF02XXERK2PS74335","Automatic","GASOLINE","FWD","available",,"car_truck","active","2026-08-26","8","B","{""addr1"":""Schaarbeeklei 555"",""city"":""Vilvoorde"",""region"":""Vlaams-Brabant"",""postal_code"":""1800"",""country"":""BE""}","50.910626","4.417513","ADV-USEDCARS-VILVOORDE","ADV Used Cars","+3222546995","ADV Used Cars","Ford","Benzine","https://cdn-be.motork.net/dealer/datafiles/vehicle/images/800/121/zgfIFiqTVmTDnisL.jpg","https://cdn-be.motork.net/dealer/datafiles/vehicle/images/800/121/0VX9uBEDAP4bVJ9k.jpeg","https://cdn-be.motork.net/dealer/datafiles/vehicle/images/800/121/jdD4O3FnsuoAiu83.jpeg","https://cdn-be.motork.net/dealer/datafiles/vehicle/images/800/121/U1PyohhTnli6FKgp.jpeg","https://cdn-be.motork.net/dealer/datafiles/vehicle/images/800/121/Zpt0EXvmohLXsCb8.jpeg","https://cdn-be.motork.net/dealer/datafiles/vehicle/images/800/121/XMsbh1sDpcwP9suS.jpeg","https://cdn-be.motork.net/dealer/datafiles/vehicle/images/800/121/viAKZe92ecbfphgb.jpeg","https://cdn-be.motork.net/dealer/datafiles/vehicle/images/800/121/S5TDNWQdvsDM4CPe.jpeg","https://cdn-be.motork.net/dealer/datafiles/vehicle/images/800/121/2BUVNuAdYYZY7xaa.jpeg","https://cdn-be.motork.net/dealer/datafiles/vehicle/images/800/121/SWeB3JA4S2rM2fYL.jpeg","https://cdn-be.motork.net/dealer/datafiles/vehicle/images/800/121/j7ELFXZjcinwMTAP.jpeg","https://cdn-be.motork.net/dealer/datafiles/vehicle/images/800/121/ETAtmboU4HSnhMI2.jpeg","https://cdn-be.motork.net/dealer/datafiles/vehicle/images/800/121/udOSfKWTuuq7B80F.jpeg","https://cdn-be.motork.net/dealer/datafiles/vehicle/images/800/121/gcl8ovrwhlT9RoyV.jpeg","https://cdn-be.motork.net/dealer/datafiles/vehicle/images/800/121/8xuAWsdAkz7v36yq.jpeg","https://cdn-be.motork.net/dealer/datafiles/vehicle/images/800/121/zdnr7izdm8x3TS3N.jpeg","https://cdn-be.motork.net/dealer/datafiles/vehicle/images/800/121/Ix6l6fc5LGc7NALa.jpeg","https://cdn-be.motork.net/dealer/datafiles/vehicle/images/800/121/0sfxu6aJv1BU38Tv.jpeg","https://cdn-be.motork.net/dealer/datafiles/vehicle/images/800/121/S5Lvc6kwVqK3GEFX.jpeg",
"20944","2022 Ford Mustang Mach-E GT 487pk","Ford Mustang Mach-E GT 487pk bij Garage Neyt. SUV, Elektrisch, Automaat. Bouwjaar 2022, 32.900 km. Uitrusting: 360° camera, 4x4, ABS, Achteruitrijcamera, Adaptieve Cruise Control, Adaptieve dimlichten, Airbag bestuurder, Airbag passagier. Gecontroleerde occasie met minimum 1 jaar garantie. Boek je testrit online.","https://nl.advusedcars.be/autos/tweedehands/lokeren/ford/mustang/elektrisch/mach-e-gt-487pk/20944/","Ford","Mustang","2022","Mach-E GT 487pk","32900","KM","59995.00 EUR","SUV","Blauw","Zwart","Used","WF0TK4SX9NMA12155","Automatic","ELECTRIC","Other","available",,"car_truck","active","2024-11-28","644","1280511","{""addr1"":""Gentse Steenweg 39"",""city"":""Lokeren"",""region"":""Oost-Vlaanderen"",""postal_code"":""9160"",""country"":""BE""}","51.111577","3.962965","ADV-NEYT-LOKEREN","Garage Neyt","+3293652540","Garage Neyt","Ford","Elektrisch","https://cdn-be.motork.net/dealer/datafiles/vehicle/images/800/190/QbRRZ9UQXGppyYB7.jpg","https://cdn-be.motork.net/dealer/datafiles/vehicle/images/800/190/YuqaD7swaMDID1fR.jpg","https://cdn-be.motork.net/dealer/datafiles/vehicle/images/800/190/A9L8yRWgCFMFCPMc.jpg","https://cdn-be.motork.net/dealer/datafiles/vehicle/images/800/190/Mj4VbTrCb3Mhv814.jpg","https://cdn-be.motork.net/dealer/datafiles/vehicle/images/800/190/6vKTfzf9QzyWtuT8.jpg","https://cdn-be.motork.net/dealer/datafiles/vehicle/images/800/190/7asLm3hcuqtB9pgx.jpg","https://cdn-be.motork.net/dealer/datafiles/vehicle/images/800/190/pG26lhzqflqLecwa.jpg","https://cdn-be.motork.net/dealer/datafiles/vehicle/images/800/190/YyY79QLYMmgsyOCi.jpg",,,,,,,,,,,,
"20983","2024 Ford Kuga FHEV ST-Line","Eéndagsinschrijving Kuga ST-line FHEV (Nieuwe wagen, maar op papier een occasie)


- Kleur:  Frozen white


- Afneembare trekhaak (13-polig) 


- Donkergetinte ruiten achteraan 


- Plaatsbesparend reservewiel","https://nl.advusedcars.be/autos/tweedehands/lokeren/ford/kuga/hybride-benzine/fhev-st-line/20983/","Ford","Kuga","2024","FHEV ST-Line","100","KM","29990.00 EUR","SUV","Wit","Zwart","Used","WF0FXXWPMHPP47817","Automatic","HYBRID","AWD","available",,"car_truck","active","2024-11-28","644","1741256","{""addr1"":""Gentse Steenweg 39"",""city"":""Lokeren"",""region"":""Oost-Vlaanderen"",""postal_code"":""9160"",""country"":""BE""}","51.111577","3.962965","ADV-NEYT-LOKEREN","Garage Neyt","+3293652540","Garage Neyt","Ford","Hybride (benzine)","https://cdn-be.motork.net/dealer/datafiles/vehicle/images/800/190/VY2iYaNVpwajeqnc.jpg","https://cdn-be.motork.net/dealer/datafiles/vehicle/images/800/190/ccj4ffFwrHtb2Trc.jpg","https://cdn-be.motork.net/dealer/datafiles/vehicle/images/800/190/7h1CLWsx7XwSLynu.jpg","https://cdn-be.motork.net/dealer/datafiles/vehicle/images/800/190/Za55CNKHuzMqfhXi.jpg","https://cdn-be.motork.net/dealer/datafiles/vehicle/images/800/190/Xzzqej53H2ZPKwcn.jpg","https://cdn-be.motork.net/dealer/datafiles/vehicle/images/800/190/7A2AvPdsqDu5U08z.jpg","https://cdn-be.motork.net/dealer/datafiles/vehicle/images/800/190/H7J37ZoGr5Prc2ub.jpg",,,,,,,,,,,,,
"20991","2023 Ford Mustang Mach-E 91 kWh Premium AWD","Ford Mustang Mach-E 91 kWh Premium AWD bij Garage Neyt. SUV, Elektrisch, Automaat. Bouwjaar 2023, 32.750 km. Uitrusting: 'Quickclear' elektrische voorruitontdooiing, 12V aansluiting in de kofferruimte, 19'' lichtmetalen velgen - banden 225/55 R19 103H, 19'' lichtmetalen velgen - banden 225/55 R19 99V, 360° camerasysteem, ABS met elektronische remkrachtverdeling, Achterbank (rug) neerklapbaar in 2 delen (60/40), Active Park Assist Prep Kit. Gecontroleerde occasie met minimum 1 jaar garantie. Boek je testrit online.","https://nl.advusedcars.be/autos/tweedehands/lokeren/ford/mustang-mach-e/elektrisch/91-kwh-premium-awd/20991/","Ford","Mustang Mach-E","2023","91 kWh Premium AWD","32750","KM","49500.00 EUR","SUV","Wit","Zwart","Used","WF0TK3SU1NMA54660","Automatic","ELECTRIC","AWD","available",,"car_truck","active","2024-11-28","644","1654466","{""addr1"":""Gentse Steenweg 39"",""city"":""Lokeren"",""region"":""Oost-Vlaanderen"",""postal_code"":""9160"",""country"":""BE""}","51.111577","3.962965","ADV-NEYT-LOKEREN","Garage Neyt","+3293652540","Garage Neyt","Ford","Elektrisch","https://cdn-be.motork.net/dealer/datafiles/vehicle/images/800/190/HkgwQ2tEB4fpba4C.jpg","https://cdn-be.motork.net/dealer/datafiles/vehicle/images/800/190/NDpfAEOqpz0gmX7B.jpg","https://cdn-be.motork.net/dealer/datafiles/vehicle/images/800/190/y8Gyj340xIJEGxu7.jpg","https://cdn-be.motork.net/dealer/datafiles/vehicle/images/800/190/VzIfOu4cZBN4743T.jpg","https://cdn-be.motork.net/dealer/datafiles/vehicle/images/800/190/SfVCK5BaLM2UJbxA.jpg","https://cdn-be.motork.net/dealer/datafiles/vehicle/images/800/190/AeOX5KRKs9PrRVJj.jpg",,,,,,,,,,,,,,
"21012","2021 Ford Mustang Mach E AWD Extended Range 351pk","Ford Mustang Mach E AWD Extended Range 351pk bij Garage Neyt. SUV, Elektrisch, Automaat. Bouwjaar 2021, 41.899 km. Uitrusting: 4x4, Accoudoir, Alarme, Android Auto, Antipatinage, Apple Carplay, Boîte automatique, Caméra de recul. Gecontroleerde occasie met minimum 1 jaar garantie. Boek je testrit online.","https://nl.advusedcars.be/autos/tweedehands/lokeren/ford/mustang/elektrisch/mach-e-awd-extended-range-351pk/21012/","Ford","Mustang","2021","Mach E AWD Extended Range 351pk","41899","KM","45990.00 EUR","SUV","Wit","Zwart","Used","WF0TK3SU9MMA31707","Automatic","ELECTRIC","Other","available",,"car_truck","active","2024-11-28","644","1695232","{""addr1"":""Gentse Steenweg 39"",""city"":""Lokeren"",""region"":""Oost-Vlaanderen"",""postal_code"":""9160"",""country"":""BE""}","51.111577","3.962965","ADV-NEYT-LOKEREN","Garage Neyt","+3293652540","Garage Neyt","Ford","Elektrisch","https://cdn-be.motork.net/dealer/datafiles/vehicle/images/800/190/kuBtbvAPafrgOEC7.jpg","https://cdn-be.motork.net/dealer/datafiles/vehicle/images/800/190/JBzcYTwTke2rsyHn.jpg","https://cdn-be.motork.net/dealer/datafiles/vehicle/images/800/190/x74wHdMBsO6whIpU.jpg","https://cdn-be.motork.net/dealer/datafiles/vehicle/images/800/190/gSRC1ppERhZxbMjM.jpg","https://cdn-be.motork.net/dealer/datafiles/vehicle/images/800/190/lFKF8JeY3ofXcuL5.jpg","https://cdn-be.motork.net/dealer/datafiles/vehicle/images/800/190/raP9QWuAKLmaE99l.jpg","https://cdn-be.motork.net/dealer/datafiles/vehicle/images/800/190/66FgdX2F4NnGEH78.jpg",,,,,,,,,,,,,
"28243","2023 Ford Ranger Wildtrak 2.0 diesel","Ford Ranger Wildtrak 2.0 diesel bij Garage Neyt. Pick-up, Diesel, Automaat. Bouwjaar 2023, 95.650 km. Gecontroleerde occasie met minimum 1 jaar garantie. Boek je testrit online.","https://nl.advusedcars.be/autos/tweedehands/lokeren/ford/ranger/diesel/wildtrak-2-0-diesel/28243/","Ford","Ranger","2023","Wildtrak 2.0 diesel","95650","KM","33988.90 EUR","TRUCK","Antraciet","Zwart","Used","6FPPXXMJ2PNR76398","Automatic","DIESEL","Other","available",,"commercial","active","2025-02-03","577","1791719","{""addr1"":""Gentse Steenweg 39"",""city"":""Lokeren"",""region"":""Oost-Vlaanderen"",""postal_code"":""9160"",""country"":""BE""}","51.111577","3.962965","ADV-NEYT-LOKEREN","Garage Neyt","+3293652540","Garage Neyt","Ford","Diesel","https://cdn-be.motork.net/dealer/datafiles/vehicle/images/800/190/yalFvLLhHHpEtR2k.JPG","https://cdn-be.motork.net/dealer/datafiles/vehicle/images/800/190/Kgc8zt0uC7AWDEN5.JPG","https://cdn-be.motork.net/dealer/datafiles/vehicle/images/800/190/Ncn0VEaIDe1c6SP3.JPG","https://cdn-be.motork.net/dealer/datafiles/vehicle/images/800/190/oeVqXAQSYnd4hJGT.JPG","https://cdn-be.motork.net/dealer/datafiles/vehicle/images/800/190/Jtrmze65AABpMJGZ.JPG","https://cdn-be.motork.net/dealer/datafiles/vehicle/images/800/190/jSb5aFexCE4WEbsk.JPG","https://cdn-be.motork.net/dealer/datafiles/vehicle/images/800/190/xQC98MHo4AoGkPzm.JPG","https://cdn-be.motork.net/dealer/datafiles/vehicle/images/800/190/q2a8AqtaqdvwOLUA.JPG","https://cdn-be.motork.net/dealer/datafiles/vehicle/images/800/190/AbkYxwRAPyxLwmIU.JPG","https://cdn-be.motork.net/dealer/datafiles/vehicle/images/800/190/qPGleHIsL5NThatd.JPG","https://cdn-be.motork.net/dealer/datafiles/vehicle/images/800/190/f4FbjdFVlezXTGzI.JPG","https://cdn-be.motork.net/dealer/datafiles/vehicle/images/800/190/4S6AGdBbn3JTfJYn.JPG","https://cdn-be.motork.net/dealer/datafiles/vehicle/images/800/190/dzOzOKR0O7Wc8pn6.JPG","https://cdn-be.motork.net/dealer/datafiles/vehicle/images/800/190/kfalqpQxczI0tgWG.JPG",,,,,,
"33626","2022 Ford Mustang Mach-E 91 kWh AWD GT","Ford Mustang Mach-E 91 kWh AWD GT bij Garage Neyt. SUV, Elektrisch, Automaat. Bouwjaar 2022, 34.625 km. Uitrusting: 'Quickclear' elektrische voorruitontdooiing, 12V aansluiting in de kofferruimte, 20'' lichtmetalen velgen - banden 245/45 R20 103H, 360° camerasysteem, ABS met elektronische remkrachtverdeling, Achterbank (rug) neerklapbaar in 2 delen (60/40), Achteruitrijcamera, Active Park Assist. Gecontroleerde occasie met minimum 1 jaar garantie. Boek je testrit online.","https://nl.advusedcars.be/autos/tweedehands/lokeren/ford/mustang-mach-e/elektrisch/91-kwh-awd-gt/33626/","Ford","Mustang Mach-E","2022","91 kWh AWD GT","34625","KM","54990.00 EUR","SUV","Wit","Zwart","Used","WF0TK4SX9NMA33314","Automatic","ELECTRIC","AWD","available",,"car_truck","active","2025-03-14","538","33626","{""addr1"":""Gentse Steenweg 39"",""city"":""Lokeren"",""region"":""Oost-Vlaanderen"",""postal_code"":""9160"",""country"":""BE""}","51.111577","3.962965","ADV-NEYT-LOKEREN","Garage Neyt","+3293652540","Garage Neyt","Ford","Elektrisch","https://cdn-be.motork.net/dealer/datafiles/vehicle/images/800/190/qMCZEfdFsbTtBD5o.jpg","https://cdn-be.motork.net/dealer/datafiles/vehicle/images/800/190/2qtYOR58TNdGIqao.jpg","https://cdn-be.motork.net/dealer/datafiles/vehicle/images/800/190/yn4L7dlSQLTfaQOz.jpg","https://cdn-be.motork.net/dealer/datafiles/vehicle/images/800/190/VXeWoszc5CLxWO1p.jpg","https://cdn-be.motork.net/dealer/datafiles/vehicle/images/800/190/AXpyS0jrtdTw3yLS.jpg","https://cdn-be.motork.net/dealer/datafiles/vehicle/images/800/190/kUHZCsbC6YKUU21w.jpg","https://cdn-be.motork.net/dealer/datafiles/vehicle/images/800/190/2NAO3O4G4sLUHOVJ.jpg","https://cdn-be.motork.net/dealer/datafiles/vehicle/images/800/190/caLjh4nKGgnEH5go.jpg",,,,,,,,,,,,
"47294","2024 Ford Explorer Explorer ER RWD","Ford Explorer Explorer ER RWD bij Garage Neyt. SUV, Elektrisch, Automaat. Bouwjaar 2024, 4.450 km. Gecontroleerde occasie met minimum 1 jaar garantie. Boek je testrit online.","https://nl.advusedcars.be/autos/tweedehands/lokeren/ford/explorer/elektrisch/explorer-er-rwd/47294/","Ford","Explorer","2024","Explorer ER RWD","4450","KM","46055.00 EUR","SUV","Antraciet","Antraciet","Used","WF0RPBEFXRRK86666","Automatic","ELECTRIC","RWD","available",,"car_truck","active","2025-05-06","485","47294","{""addr1"":""Gentse Steenweg 39"",""city"":""Lokeren"",""region"":""Oost-Vlaanderen"",""postal_code"":""9160"",""country"":""BE""}","51.111577","3.962965","ADV-NEYT-LOKEREN","Garage Neyt","+3293652540","Garage Neyt","Ford","Elektrisch","https://cdn-be.motork.net/dealer/datafiles/vehicle/images/800/190/IP4ImtyN5RQjW1RT.jpg","https://cdn-be.motork.net/dealer/datafiles/vehicle/images/800/190/fsvPpklZYslXENYX.jpg","https://cdn-be.motork.net/dealer/datafiles/vehicle/images/800/190/3QencSMRMZiS8c2W.jpg","https://cdn-be.motork.net/dealer/datafiles/vehicle/images/800/190/YhPRHibNuhzVhDik.jpg","https://cdn-be.motork.net/dealer/datafiles/vehicle/images/800/190/1vWuvuUn3kIePllc.jpg","https://cdn-be.motork.net/dealer/datafiles/vehicle/images/800/190/zOh9s9XxejI67SUZ.jpg","https://cdn-be.motork.net/dealer/datafiles/vehicle/images/800/190/8gLgEnnNINGn1GHP.jpg","https://cdn-be.motork.net/dealer/datafiles/vehicle/images/800/190/PRkiJ1eHQKtpQbV8.jpg",,,,,,,,,,,,
"47298","2024 Ford Explorer Explorer Premium ER AWD","Ford Explorer Explorer Premium ER AWD bij Garage Neyt. SUV, Elektrisch, Automaat. Bouwjaar 2024, 1.500 km. Gecontroleerde occasie met minimum 1 jaar garantie. Boek je testrit online.","https://nl.advusedcars.be/autos/tweedehands/lokeren/ford/explorer/elektrisch/explorer-premium-er-awd/47298/","Ford","Explorer","2024","Explorer Premium ER AWD","1500","KM","58858.00 EUR","SUV","Blauw","Antraciet","Used","WF0RPCEF0RRE05527","Automatic","ELECTRIC","AWD","available",,"car_truck","active","2025-05-06","485","47298","{""addr1"":""Gentse Steenweg 39"",""city"":""Lokeren"",""region"":""Oost-Vlaanderen"",""postal_code"":""9160"",""country"":""BE""}","51.111577","3.962965","ADV-NEYT-LOKEREN","Garage Neyt","+3293652540","Garage Neyt","Ford","Elektrisch","https://cdn-be.motork.net/dealer/datafiles/vehicle/images/800/190/GfvWfbcgIEPb5LEX.jpg","https://cdn-be.motork.net/dealer/datafiles/vehicle/images/800/190/LTqQvso5MYhkRc0d.jpg","https://cdn-be.motork.net/dealer/datafiles/vehicle/images/800/190/xw7NMy1VUXjxy9RA.jpg","https://cdn-be.motork.net/dealer/datafiles/vehicle/images/800/190/6y1od1HuspmSjI7z.jpg","https://cdn-be.motork.net/dealer/datafiles/vehicle/images/800/190/jyZeA32gHAySGKNR.jpg","https://cdn-be.motork.net/dealer/datafiles/vehicle/images/800/190/uxQCvkiJ66CD7BcF.jpg","https://cdn-be.motork.net/dealer/datafiles/vehicle/images/800/190/xW94eTfKrRi5cnsn.jpg",,,,,,,,,,,,,
"47299","2024 Ford Capri 77 kWh Extended Range RWD Premium","Magnetic, Metaalkleur
Inklapbare trekhaak 
Bevestigingspunten achter 1e en 2e zetelrij
Warmtepomp
Driver assistance pack (HUD, 360° camera, active park assist)","https://nl.advusedcars.be/autos/tweedehands/lokeren/ford/capri/elektrisch/77-kwh-extended-range-rwd-premium/47299/","Ford","Capri","2024","77 kWh Extended Range RWD Premium","19990","KM","52211.50 EUR","SUV","Antraciet","Antraciet","Used","WF0SPBEF2SRY27670","Automatic","ELECTRIC","RWD","available",,"car_truck","active","2025-05-06","485","47299","{""addr1"":""Gentse Steenweg 39"",""city"":""Lokeren"",""region"":""Oost-Vlaanderen"",""postal_code"":""9160"",""country"":""BE""}","51.111577","3.962965","ADV-NEYT-LOKEREN","Garage Neyt","+3293652540","Garage Neyt","Ford","Elektrisch","https://cdn-be.motork.net/dealer/datafiles/vehicle/images/800/190/ua4OWLQDcdQlTqGX.jpg","https://cdn-be.motork.net/dealer/datafiles/vehicle/images/800/190/cmzbRUn3HlhJrYEM.jpg","https://cdn-be.motork.net/dealer/datafiles/vehicle/images/800/190/WBYjGJCBnhfSaJcx.jpg","https://cdn-be.motork.net/dealer/datafiles/vehicle/images/800/190/O01hP8U82Zyf65gC.jpg","https://cdn-be.motork.net/dealer/datafiles/vehicle/images/800/190/zXqihQBN9L45kbyf.jpg","https://cdn-be.motork.net/dealer/datafiles/vehicle/images/800/190/C0pR9cyN33hlNRNl.jpg","https://cdn-be.motork.net/dealer/datafiles/vehicle/images/800/190/NxdatEJodhofIoRF.jpg","https://cdn-be.motork.net/dealer/datafiles/vehicle/images/800/190/OmHsUDGuzQzSWxEB.jpg","https://cdn-be.motork.net/dealer/datafiles/vehicle/images/800/190/MRX7AczpcSy24mY0.jpg",,,,,,,,,,,
"47300","2025 Ford Capri 77 kWh Extended Range RWD Premium","Ford Capri 77 kWh Extended Range RWD Premium bij Garage Neyt. SUV, Elektrisch, Automaat. Bouwjaar 2025, 19.500 km. Uitrusting: 12-weg elektrisch verstelbare bestuurderszetel met geheugenfunctie, 12V aansluiting in de kofferruimte, 17L MegaConsole met bekerhouders, 20'' Lichtmetalen velgen - banden 235/50 R20 (vooraan) 255/45 R20 (achteraan), 6-weg manueel verstelbare passagierszetel, Achterbank neerklapbaar in 2 delen (60/40) met skiluik, Achteruitrijcamera, Automatisch dimmende interieurspiegel. Gecontroleerde occasie met minimum 1 jaar garantie. Boek je testrit online.","https://nl.advusedcars.be/autos/tweedehands/lokeren/ford/capri/elektrisch/77-kwh-extended-range-rwd-premium/47300/","Ford","Capri","2025","77 kWh Extended Range RWD Premium","19500","KM","50457.00 EUR","SUV","Geel","Antraciet","Used","WF0SPBEFXSRS39337","Automatic","ELECTRIC","RWD","available",,"car_truck","active","2025-05-06","485","47300","{""addr1"":""Gentse Steenweg 39"",""city"":""Lokeren"",""region"":""Oost-Vlaanderen"",""postal_code"":""9160"",""country"":""BE""}","51.111577","3.962965","ADV-NEYT-LOKEREN","Garage Neyt","+3293652540","Garage Neyt","Ford","Elektrisch","https://cdn-be.motork.net/dealer/datafiles/vehicle/images/800/190/dqCZDqP3O4xXTNDO.jpg","https://cdn-be.motork.net/dealer/datafiles/vehicle/images/800/190/XWujXEBYJTbtjDsf.jpg","https://cdn-be.motork.net/dealer/datafiles/vehicle/images/800/190/6whAM7zNozIrZwo1.jpg","https://cdn-be.motork.net/dealer/datafiles/vehicle/images/800/190/cpJwgH69rI4ipBo4.jpg","https://cdn-be.motork.net/dealer/datafiles/vehicle/images/800/190/srB3D5lEvz7XNuDI.jpg","https://cdn-be.motork.net/dealer/datafiles/vehicle/images/800/190/85h9xjTiZmuv0uXV.jpg","https://cdn-be.motork.net/dealer/datafiles/vehicle/images/800/190/WUaV8RRoWF2pnwul.jpg",,,,,,,,,,,,,
"47311","2025 Ford Capri 77 kWh Extended Range RWD","Ford Capri 77 kWh Extended Range RWD bij Garage Neyt. SUV, Elektrisch, Automaat. Bouwjaar 2025, 19.900 km. Uitrusting: Accoudoir rabattable avec porte-gobelets sur la deuxième rangée de sièges, Achteruitrijcamera, Aide au stationnement à l'avant et à l'arrière avec freinage de manœuvre, Airbags avancés (frontaux et latéraux avant; airbags rideaux avant et arrière), Anneaux d'arrimage dans le coffre, Binnenspiegel automatisch dimmend"", Blind Spot Information System (BLIS) avec Cross Trafic Alert avec Active Braking, Cable de chargement pour points de charge publiques (type 2 - 16A triphasé). Gecontroleerde occasie met minimum 1 jaar garantie. Boek je testrit online.","https://nl.advusedcars.be/autos/tweedehands/lokeren/ford/capri/elektrisch/77-kwh-extended-range-rwd/47311/","Ford","Capri","2025","77 kWh Extended Range RWD","19900","KM","45675.00 EUR","SUV","Antraciet","Antraciet","Used","WF0SPBEF3SRS37056","Automatic","ELECTRIC","RWD","available",,"car_truck","active","2025-05-06","485","47311","{""addr1"":""Gentse Steenweg 39"",""city"":""Lokeren"",""region"":""Oost-Vlaanderen"",""postal_code"":""9160"",""country"":""BE""}","51.111577","3.962965","ADV-NEYT-LOKEREN","Garage Neyt","+3293652540","Garage Neyt","Ford","Elektrisch","https://cdn-be.motork.net/dealer/datafiles/vehicle/images/800/190/ueL5eaIOhy8CytCt.jpg","https://cdn-be.motork.net/dealer/datafiles/vehicle/images/800/190/6Jg6g22foVZI378e.jpg","https://cdn-be.motork.net/dealer/datafiles/vehicle/images/800/190/jrsBLbK64388zFdV.jpg","https://cdn-be.motork.net/dealer/datafiles/vehicle/images/800/190/A6A4MddMowgVracG.jpg","https://cdn-be.motork.net/dealer/datafiles/vehicle/images/800/190/dKbsLGxEoJMYDtLh.jpg","https://cdn-be.motork.net/dealer/datafiles/vehicle/images/800/190/zkveQxig81k0PJfx.jpg","https://cdn-be.motork.net/dealer/datafiles/vehicle/images/800/190/cIXMJ1sj9tGDVTVn.jpg",,,,,,,,,,,,,
"47312","2025 Ford Puma 43,6 kWh Gen-E Premium","Demo voertuig - Beschikbaar vanaf September
Solar Silver, Metaalkleur
Winterpack (elektrisch voorruitontdooiing, verwarmde zetels, verwarmd stuurwiel)
Driver assistance pack( Elektrisch bedienbare, verwarmbare en inklapbare buitenspiegels in koetswerkkleur met geintegreerde knipperlichten en instapverlichting; Pre-Collision Assist met assistentie op kruispunten; Traffic Sign Recognition (herkent en toont verkeersborden); Adaptive Cruise Control met Evasive Steering Assist (manuele transmissie); Adaptive Cruise Control met Evasive Steering Assist, Stop&Go, Traffic Jam Assist en Lane Centering Assist (automatische transmissie); Blind Spot Information System (BLIS, dodehoekwaarschuwingssysteem), met Cross Traffic Alert (waarschuwing tegemoetkomend verkeer), met Active Braking; Parkeersensoren voor- en achteraan; 360° camerasysteem)","https://nl.advusedcars.be/autos/tweedehands/lokeren/ford/puma/elektrisch/43-6-kwh-gen-e-premium/47312/","Ford","Puma","2025","43,6 kWh Gen-E Premium","3500","KM","37497.90 EUR","SUV","Grijs","Antraciet","Used","WF02XXERK1SU84920","Automatic","ELECTRIC","FWD","available",,"car_truck","active","2025-05-06","485","47312","{""addr1"":""Gentse Steenweg 39"",""city"":""Lokeren"",""region"":""Oost-Vlaanderen"",""postal_code"":""9160"",""country"":""BE""}","51.111577","3.962965","ADV-NEYT-LOKEREN","Garage Neyt","+3293652540","Garage Neyt","Ford","Elektrisch","https://cdn-be.motork.net/dealer/datafiles/vehicle/images/800/190/ngpoRB5oVQ8uN3U8.jpg","https://cdn-be.motork.net/dealer/datafiles/vehicle/images/800/190/eCmaz3Nevv8RYVrS.jpg","https://cdn-be.motork.net/dealer/datafiles/vehicle/images/800/190/3l9aR8cTx0SEoVJx.jpg","https://cdn-be.motork.net/dealer/datafiles/vehicle/images/800/190/z0NIiwmTHDwgJzrG.jpg","https://cdn-be.motork.net/dealer/datafiles/vehicle/images/800/190/m6vDPXS2wSxVGErJ.jpg","https://cdn-be.motork.net/dealer/datafiles/vehicle/images/800/190/uQ3DGt4HpT0QoZq3.jpg","https://cdn-be.motork.net/dealer/datafiles/vehicle/images/800/190/XotjrzuRUympdY9p.jpg","https://cdn-be.motork.net/dealer/datafiles/vehicle/images/800/190/ZKA99hx1PRMGA14O.jpg",,,,,,,,,,,,
"52634","2021 Ford Puma Ecoboost mHEV ST-Line X","Ford Puma Ecoboost mHEV ST-Line X bij Garage Neyt. SUV, Benzine, Manueel. Bouwjaar 2021, 49.350 km. Uitrusting: ABS avec répartition électronique de la force de freinage - ESC inclusive aide au démarrage en côte, Aide au stationnement arrière, Airbags avancés (Frontaux, latéraux et genoux avant pour passager et conducteur), Airbags rideaux avant et arrière, Avertissement pour ceintures sur la 1ère et 2ième rangée, Banquette arrière rabattable en deux parties (60/40), Becquet, Boordcomputer. Gecontroleerde occasie met minimum 1 jaar garantie. Boek je testrit online.","https://nl.advusedcars.be/autos/tweedehands/lokeren/ford/puma/benzine/ecoboost-mhev-st-line-x/52634/","Ford","Puma","2021","Ecoboost mHEV ST-Line X","49350","KM","19490.00 EUR","SUV","Antraciet","Zwart","Used","WF02XXERK2LR69603","Manual","GASOLINE","FWD","available",,"car_truck","active","2025-06-27","433","1657396","{""addr1"":""Gentse Steenweg 39"",""city"":""Lokeren"",""region"":""Oost-Vlaanderen"",""postal_code"":""9160"",""country"":""BE""}","51.111577","3.962965","ADV-NEYT-LOKEREN","Garage Neyt","+3293652540","Garage Neyt","Ford","Benzine","https://cdn-be.motork.net/dealer/datafiles/vehicle/images/800/190/laVyugz6GtMt1EY8.jpg","https://cdn-be.motork.net/dealer/datafiles/vehicle/images/800/190/A9J9HFLwzoEeo18f.jpg","https://cdn-be.motork.net/dealer/datafiles/vehicle/images/800/190/st3REFkcpamhSlZp.jpg","https://cdn-be.motork.net/dealer/datafiles/vehicle/images/800/190/dxZnmXi1E8Gqx3h4.jpg","https://cdn-be.motork.net/dealer/datafiles/vehicle/images/800/190/pYLyANeaRSyfchkd.jpg","https://cdn-be.motork.net/dealer/datafiles/vehicle/images/800/190/J1KaKTHGpMf5QiyK.jpg","https://cdn-be.motork.net/dealer/datafiles/vehicle/images/800/190/4m2cDe0Ytsaft1IT.jpg",,,,,,,,,,,,,
"52635","2023 Ford Transit 350L L3H2 2.0 Ecoblue 130pk FWD Manueel","Ford Transit 350L L3H2 2.0 Ecoblue 130pk FWD Manueel bij Garage Neyt. Bestelwagen, Diesel, Manueel. Bouwjaar 2023, 50 km. Gecontroleerde occasie met minimum 1 jaar garantie. Boek je testrit online.","https://nl.advusedcars.be/autos/tweedehands/lokeren/ford/transit/diesel/350l-l3h2-2-0-ecoblue-130pk-fwd-manueel/52635/","Ford","Transit","2023","350L L3H2 2.0 Ecoblue 130pk FWD Manueel","50","KM","38707.90 EUR","VAN","Wit","Zwart","Used","WF0EXXTTREPE37271","Manual","DIESEL","FWD","available",,"commercial","active","2025-06-27","433","1610588","{""addr1"":""Gentse Steenweg 39"",""city"":""Lokeren"",""region"":""Oost-Vlaanderen"",""postal_code"":""9160"",""country"":""BE""}","51.111577","3.962965","ADV-NEYT-LOKEREN","Garage Neyt","+3293652540","Garage Neyt","Ford","Diesel","https://cdn-be.motork.net/dealer/datafiles/vehicle/images/800/190/q616XIXq22jHg4kj.jpg","https://cdn-be.motork.net/dealer/datafiles/vehicle/images/800/190/0lsrcNoqdRGPewFq.jpg","https://cdn-be.motork.net/dealer/datafiles/vehicle/images/800/190/2PRCmUvMY4qWM1wq.jpg","https://cdn-be.motork.net/dealer/datafiles/vehicle/images/800/190/0M4aNhoKmPyg8uJ5.jpg","https://cdn-be.motork.net/dealer/datafiles/vehicle/images/800/190/4YHRkRmpzAkW1NqB.jpg","https://cdn-be.motork.net/dealer/datafiles/vehicle/images/800/190/GXjojmx7bZiy3zlc.jpg","https://cdn-be.motork.net/dealer/datafiles/vehicle/images/800/190/oqUTvLUxvyZZQ1HB.jpg","https://cdn-be.motork.net/dealer/datafiles/vehicle/images/800/190/Ian5De6aq9078fro.jpg","https://cdn-be.motork.net/dealer/datafiles/vehicle/images/800/190/CWIeZJWjND8M57hf.jpg",,,,,,,,,,,
"52637","2024 Ford Mustang Mach-E 91 kWh Premium AWD","Ford Mustang Mach-E 91 kWh Premium AWD bij Garage Neyt. SUV, Elektrisch, Automaat. Bouwjaar 2024, 28.500 km. Uitrusting: ABS/EBD, Accoudoir rabattable avec porte-gobelet sur la deuxième rangée de sièges, Achteruitrijcamera, Aide au démarrage en côte (Hill Start Assist), Aide au stationnement actif, Aide au stationnement avant etarrière, Airbags avancés (frontaux, latéraux et genoux avant, airbags rideaux avant et ar, Anneaux d'arrimage dans le coffre. Gecontroleerde occasie met minimum 1 jaar garantie. Boek je testrit online.","https://nl.advusedcars.be/autos/tweedehands/lokeren/ford/mustang-mach-e/elektrisch/91-kwh-premium-awd/52637/","Ford","Mustang Mach-E","2024","91 kWh Premium AWD","28500","KM","55990.00 EUR","SUV","Antraciet","Antraciet","Used","WF0TK3SUXPMA54420","Automatic","ELECTRIC","AWD","available",,"car_truck","active","2025-06-27","433","52637","{""addr1"":""Gentse Steenweg 39"",""city"":""Lokeren"",""region"":""Oost-Vlaanderen"",""postal_code"":""9160"",""country"":""BE""}","51.111577","3.962965","ADV-NEYT-LOKEREN","Garage Neyt","+3293652540","Garage Neyt","Ford","Elektrisch","https://cdn-be.motork.net/dealer/datafiles/vehicle/images/800/190/srHwdaGBYttyyszA.jpg","https://cdn-be.motork.net/dealer/datafiles/vehicle/images/800/190/SDdlkP7pehfCDBG3.jpg","https://cdn-be.motork.net/dealer/datafiles/vehicle/images/800/190/Kgc3ittdts1u3NED.jpg","https://cdn-be.motork.net/dealer/datafiles/vehicle/images/800/190/Vv4OtYQhZ8JQAS0x.jpg","https://cdn-be.motork.net/dealer/datafiles/vehicle/images/800/190/SNMvURDp7LWS4J72.jpg","https://cdn-be.motork.net/dealer/datafiles/vehicle/images/800/190/mPNiiUHZ6wtft4dC.jpg","https://cdn-be.motork.net/dealer/datafiles/vehicle/images/800/190/Uuv9GqZJdt6eDe4q.jpg","https://cdn-be.motork.net/dealer/datafiles/vehicle/images/800/190/M3m7ywCyVcXn0WZg.jpg","https://cdn-be.motork.net/dealer/datafiles/vehicle/images/800/190/h3lJiNtoNkOY5lm2.jpg",,,,,,,,,,,
"52645","2022 Ford Transit 350L L3H2 Electric 67kWh Trend RWD AUT","Agate black
Laadkabel 12.5 m 32 A
Led laadruimteverlichting
volledige zijwandbekleding
Demo Wagen Ford Transit 350L L3H2 Electric 67kWh Trend RWD AUT bij Garage Neyt. Bestelwagen, Elektrisch, Automaat. Bouwjaar 2022, 11.500 km. Uitrusting: ABS + ESP incl: Hill Launch assist, Trailer Sway assist, EBA/EBD/EBL, Traction C, Airbag bestuurder, Alternateur 150 Amp, Assistance de stationnement (avant et arrière), Axe renforcé, Climatisation automatique - EATC, Cloison de séparation: complètement fermé (en acier) sans rétroviseur intérieur, Colonne de direction réglable en hauteur et profondeur. Gecontroleerde occasie met minimum 1 jaar garantie. Boek je testrit online.","https://nl.advusedcars.be/autos/tweedehands/lokeren/ford/transit/elektrisch/350l-l3h2-electric-67kwh-trend-rwd-aut/52645/","Ford","Transit","2022","350L L3H2 Electric 67kWh Trend RWD AUT","11500","KM","55900.00 EUR","VAN","Zwart","Zwart","Used","WF0EXXTTRBNB20695","Automatic","ELECTRIC","RWD","available",,"commercial","active","2025-06-27","433","52645","{""addr1"":""Gentse Steenweg 39"",""city"":""Lokeren"",""region"":""Oost-Vlaanderen"",""postal_code"":""9160"",""country"":""BE""}","51.111577","3.962965","ADV-NEYT-LOKEREN","Garage Neyt","+3293652540","Garage Neyt","Ford","Elektrisch","https://cdn-be.motork.net/dealer/datafiles/vehicle/images/800/190/GazkonWmU1MOifjR.jpg","https://cdn-be.motork.net/dealer/datafiles/vehicle/images/800/190/XaCWBf0ccRHY2ZvV.jpg","https://cdn-be.motork.net/dealer/datafiles/vehicle/images/800/190/tzNALIQ8r9Be4KGl.jpg","https://cdn-be.motork.net/dealer/datafiles/vehicle/images/800/190/1rNPP063qyX20nhE.jpg","https://cdn-be.motork.net/dealer/datafiles/vehicle/images/800/190/pc65eajK3mmWwqTQ.jpg","https://cdn-be.motork.net/dealer/datafiles/vehicle/images/800/190/5QCIRRLQPOZqVYW3.jpg","https://cdn-be.motork.net/dealer/datafiles/vehicle/images/800/190/VFy0q540UWBQy7PV.jpg","https://cdn-be.motork.net/dealer/datafiles/vehicle/images/800/190/vmpkyrBRSJ2Fr5Da.jpg","https://cdn-be.motork.net/dealer/datafiles/vehicle/images/800/190/74s3kT885POyvex7.jpg",,,,,,,,,,,
"64653","2021 Ford Focus EcoBoost mHEV ST-Line","Ford Focus EcoBoost mHEV ST-Line bij Garage Neyt. Hatchback, Benzine, Manueel. Bouwjaar 2021, 37.840 km. Uitrusting: ABS/EBD, Accoudoir centrale avant, Achteruitrijcamera, Active Grille Shutter, Aide au stationnement avant et arrière, Airbags avancés (frontaux, latéraux et genoux avant, airbags rideaux avant et ar, Auto Start-Stop, Automatische lichten. Gecontroleerde occasie met minimum 1 jaar garantie. Boek je testrit online.","https://nl.advusedcars.be/autos/tweedehands/lokeren/ford/focus/benzine/ecoboost-mhev-st-line/64653/","Ford","Focus","2021","EcoBoost mHEV ST-Line","37840","KM","18900.00 EUR","HATCHBACK","Wit","Zwart","Used","WF0NXXGCHNLY69526","Manual","GASOLINE","FWD","available",,"car_truck","active","2025-10-13","325","64653","{""addr1"":""Gentse Steenweg 39"",""city"":""Lokeren"",""region"":""Oost-Vlaanderen"",""postal_code"":""9160"",""country"":""BE""}","51.111577","3.962965","ADV-NEYT-LOKEREN","Garage Neyt","+3293652540","Garage Neyt","Ford","Benzine","https://cdn-be.motork.net/dealer/datafiles/vehicle/images/800/190/8DfAtZmJEihelrwm.jpg","https://cdn-be.motork.net/dealer/datafiles/vehicle/images/800/190/WsAPwOSmsJnzjnTp.jpg","https://cdn-be.motork.net/dealer/datafiles/vehicle/images/800/190/aCGhF4D6TKUYeSLM.jpg","https://cdn-be.motork.net/dealer/datafiles/vehicle/images/800/190/HaQeKbAq29Mv31FS.jpg","https://cdn-be.motork.net/dealer/datafiles/vehicle/images/800/190/f4KkWpxuPawCGuHA.jpg","https://cdn-be.motork.net/dealer/datafiles/vehicle/images/800/190/4gz6LK1r2R927OZC.jpg","https://cdn-be.motork.net/dealer/datafiles/vehicle/images/800/190/LqIuD8a4Mzg1871Y.jpg",,,,,,,,,,,,,
"70574","2023 Ford Mustang Mach-E 76 kWh Base RWD","Ford Mustang Mach-E 76 kWh Base RWD bij Garage Neyt. SUV, Elektrisch, Automaat. Bouwjaar 2023, 27.500 km. Uitrusting: ABS/EBD, Accoudoir rabattable avec porte-gobelet sur la deuxième rangée de sièges, Active Park Assist Prep Kit, Aide au démarrage en côte (Hill Start Assist), Aide au stationnement avant etarrière, Airbags avancés (frontaux, latéraux et genoux avant, airbags rideaux avant et arrière), Alarme anti vol périphérique et volumetrique, Anneaux d'arrimage dans le coffre. Gecontroleerde occasie met minimum 1 jaar garantie. Boek je testrit online.","https://nl.advusedcars.be/autos/tweedehands/lokeren/ford/mustang-mach-e/elektrisch/76-kwh-base-rwd/70574/","Ford","Mustang Mach-E","2023","76 kWh Base RWD","27500","KM","35900.00 EUR","SUV","Bordeaux","Zwart","Used","WF0TK1EM6PMA16375","Automatic","ELECTRIC","RWD","available",,"car_truck","active","2025-11-28","279","70574","{""addr1"":""Gentse Steenweg 39"",""city"":""Lokeren"",""region"":""Oost-Vlaanderen"",""postal_code"":""9160"",""country"":""BE""}","51.111577","3.962965","ADV-NEYT-LOKEREN","Garage Neyt","+3293652540","Garage Neyt","Ford","Elektrisch","https://cdn-be.motork.net/dealer/datafiles/vehicle/images/800/190/KugtkZltYexNJPQ0.jpg","https://cdn-be.motork.net/dealer/datafiles/vehicle/images/800/190/AL3DgXqX1DTsj5DC.jpg","https://cdn-be.motork.net/dealer/datafiles/vehicle/images/800/190/PO0GITh8kW8JGnvO.jpg","https://cdn-be.motork.net/dealer/datafiles/vehicle/images/800/190/5cWtPWP35isEjWjx.jpg","https://cdn-be.motork.net/dealer/datafiles/vehicle/images/800/190/sdQ3YuB1kr3XepmS.jpg","https://cdn-be.motork.net/dealer/datafiles/vehicle/images/800/190/sbCcdzO6UDKC7nOp.jpg","https://cdn-be.motork.net/dealer/datafiles/vehicle/images/800/190/RGGlwUbsOB0h5hmM.jpg",,,,,,,,,,,,,
"75230","2025 Ford Transit Courier EcoBlue Active","Ford Transit Courier EcoBlue Active bij Garage Neyt. Bestelwagen, Diesel, Manueel. Bouwjaar 2025, 15 km. Uitrusting: ""Nunavut"" en Nordic Blue (tissu), 2 connexions USB dans la cabine, 2 télécommandes, Airbag passager à déconnecter, Airbags latéraux avant, Airbags passager et conducteur frontaux, Airbags rideaux, Automatische lichten. Gecontroleerde occasie met minimum 1 jaar garantie. Boek je testrit online.","https://nl.advusedcars.be/autos/tweedehands/lokeren/ford/transit-courier/diesel/ecoblue-active/75230/","Ford","Transit Courier","2025","EcoBlue Active","15","KM","26499.00 EUR","VAN","Groen","Zwart","Used","WF04N1ER84RG57274","Manual","DIESEL","FWD","available",,"commercial","active","2026-01-14","232","75230","{""addr1"":""Gentse Steenweg 39"",""city"":""Lokeren"",""region"":""Oost-Vlaanderen"",""postal_code"":""9160"",""country"":""BE""}","51.111577","3.962965","ADV-NEYT-LOKEREN","Garage Neyt","+3293652540","Garage Neyt","Ford","Diesel","https://cdn-be.motork.net/dealer/datafiles/vehicle/images/800/190/zhZd2IN5hC3RPuix.jpg","https://cdn-be.motork.net/dealer/datafiles/vehicle/images/800/190/r0oQWabEEkD5ldQ8.jpg","https://cdn-be.motork.net/dealer/datafiles/vehicle/images/800/190/I83Y5NKMUdWGHost.jpg","https://cdn-be.motork.net/dealer/datafiles/vehicle/images/800/190/zkKv0vZne2YpOpgw.jpg","https://cdn-be.motork.net/dealer/datafiles/vehicle/images/800/190/etW7vb4YATwYRDZK.jpg","https://cdn-be.motork.net/dealer/datafiles/vehicle/images/800/190/0D4LCMt3x4JdhvBb.jpg","https://cdn-be.motork.net/dealer/datafiles/vehicle/images/800/190/RTIhneI8IBugobvQ.jpg","https://cdn-be.motork.net/dealer/datafiles/vehicle/images/800/190/W5ugh4Ql6T9MUpj6.jpg",,,,,,,,,,,,
"75389","2025 Ford Transit Custom 300S TD Trend","Ford Transit Custom 300S TD Trend bij Garage Neyt. Bestelwagen, Diesel, Manueel. Bouwjaar 2025, 25 km. Uitrusting: 2 télécommandes, 4 haut-parleurs, 6 Oeillets d'arrimage, Aide au maintien sur la voie (LKA), Aide au stationnement arrière, Aide au stationnement avant, Aide à la vitesse intelligente, Airconditioning automatisch. Gecontroleerde occasie met minimum 1 jaar garantie. Boek je testrit online.","https://nl.advusedcars.be/autos/tweedehands/lokeren/ford/transit-custom/diesel/300s-td-trend/75389/","Ford","Transit Custom","2025","300S TD Trend","25","KM","34969.00 EUR","VAN","Wit","Zwart","Used","WF0RXXTA6RPU72799","Manual","DIESEL","FWD","available",,"commercial","active","2026-01-15","231","75389","{""addr1"":""Gentse Steenweg 39"",""city"":""Lokeren"",""region"":""Oost-Vlaanderen"",""postal_code"":""9160"",""country"":""BE""}","51.111577","3.962965","ADV-NEYT-LOKEREN","Garage Neyt","+3293652540","Garage Neyt","Ford","Diesel","https://cdn-be.motork.net/dealer/datafiles/vehicle/images/800/190/GMfVvZvyfC9nF38d.jpg","https://cdn-be.motork.net/dealer/datafiles/vehicle/images/800/190/zHJNiz9sKt8K0GWj.jpg","https://cdn-be.motork.net/dealer/datafiles/vehicle/images/800/190/uu3eDD6cfp7PXx4s.jpg","https://cdn-be.motork.net/dealer/datafiles/vehicle/images/800/190/IQatb5kW1U9cLBdy.jpg","https://cdn-be.motork.net/dealer/datafiles/vehicle/images/800/190/25wyNgdtAeCDlzmd.jpg","https://cdn-be.motork.net/dealer/datafiles/vehicle/images/800/190/CVb6UIeMzfbYUlfM.jpg","https://cdn-be.motork.net/dealer/datafiles/vehicle/images/800/190/uAo4G9hI13TciSFo.jpg","https://cdn-be.motork.net/dealer/datafiles/vehicle/images/800/190/X3Lzh1EtWHpWe4PR.jpg","https://cdn-be.motork.net/dealer/datafiles/vehicle/images/800/190/yTRcQaQ6v26arnB9.jpg","https://cdn-be.motork.net/dealer/datafiles/vehicle/images/800/190/ABqP8CCTO371XWyV.jpg",,,,,,,,,,
"75396","2025 Ford Transit Custom 300L TD Trend","Ford Transit Custom 300L TD Trend bij Garage Neyt. Bestelwagen, Diesel, Manueel. Bouwjaar 2025, 25 km. Uitrusting: 2 télécommandes, 4 haut-parleurs, 8 Oeillets d'arrimage, Aide au maintien sur la voie (LKA), Aide au stationnement arrière, Aide au stationnement avant, Aide à la vitesse intelligente, Airconditioning automatisch. Gecontroleerde occasie met minimum 1 jaar garantie. Boek je testrit online.","https://nl.advusedcars.be/autos/tweedehands/lokeren/ford/transit-custom/diesel/300l-td-trend/75396/","Ford","Transit Custom","2025","300L TD Trend","25","KM","39809.00 EUR","VAN","Antraciet","Zwart","Used","WF0RXXTA1RRA48339","Manual","DIESEL","FWD","available",,"commercial","active","2026-01-15","231","75396","{""addr1"":""Gentse Steenweg 39"",""city"":""Lokeren"",""region"":""Oost-Vlaanderen"",""postal_code"":""9160"",""country"":""BE""}","51.111577","3.962965","ADV-NEYT-LOKEREN","Garage Neyt","+3293652540","Garage Neyt","Ford","Diesel","https://cdn-be.motork.net/dealer/datafiles/vehicle/images/800/190/04LURhTWbAW5Q60b.jpg","https://cdn-be.motork.net/dealer/datafiles/vehicle/images/800/190/HRMFUVl5GR8G9lQ9.jpg","https://cdn-be.motork.net/dealer/datafiles/vehicle/images/800/190/FDNAsgE14fTACIMB.jpg","https://cdn-be.motork.net/dealer/datafiles/vehicle/images/800/190/hBLPcHxhZykNpdL1.jpg","https://cdn-be.motork.net/dealer/datafiles/vehicle/images/800/190/iuWZJ40og6ikdOZJ.jpg","https://cdn-be.motork.net/dealer/datafiles/vehicle/images/800/190/C2vwAO38YYuGCRB9.jpg","https://cdn-be.motork.net/dealer/datafiles/vehicle/images/800/190/AN3X89rM46gH2nlf.jpg","https://cdn-be.motork.net/dealer/datafiles/vehicle/images/800/190/zOdIxDvoODOJL298.jpg","https://cdn-be.motork.net/dealer/datafiles/vehicle/images/800/190/MWmfMgCmGBDHHoI0.jpg",,,,,,,,,,,
"81589","2022 Ford Focus EcoBoost mHEV ST-Line Style","Ford Focus EcoBoost mHEV ST-Line Style bij Garage Neyt. Hatchback, Hybride (benzine), Manueel. Bouwjaar 2022, 21.500 km. Uitrusting: ABS/EBD, Accoudoir centrale avant, Active Grille Shutter, Aide au stationnement avant et arrière, Airbags avancés (frontaux, latéraux et genoux avant, airbags rideaux avant et ar, Auto Start-Stop, Automatische lichten, Avertissement pour ceintures sur la 1ère et 2ième rangée. Gecontroleerde occasie met minimum 1 jaar garantie. Boek je testrit online.","https://nl.advusedcars.be/autos/tweedehands/lokeren/ford/focus/hybride-benzine/ecoboost-mhev-st-line-style/81589/","Ford","Focus","2022","EcoBoost mHEV ST-Line Style","21500","KM","20750.00 EUR","HATCHBACK","Antraciet","Zwart","Used","WF0NXXGCHNNM74290","Manual","HYBRID","FWD","available",,"car_truck","active","2025-12-30","247","81589","{""addr1"":""Gentse Steenweg 39"",""city"":""Lokeren"",""region"":""Oost-Vlaanderen"",""postal_code"":""9160"",""country"":""BE""}","51.111577","3.962965","ADV-NEYT-LOKEREN","Garage Neyt","+3293652540","Garage Neyt","Ford","Hybride (benzine)","https://cdn-be.motork.net/dealer/datafiles/vehicle/images/800/190/ueJOXUdp3eSaFaLW.JPG","https://cdn-be.motork.net/dealer/datafiles/vehicle/images/800/190/pRIeqdmPb2qvMcqF.JPG","https://cdn-be.motork.net/dealer/datafiles/vehicle/images/800/190/ooVIlIZrfu9ElnG0.JPG","https://cdn-be.motork.net/dealer/datafiles/vehicle/images/800/190/0fTgNeFeCw6uHjQl.JPG","https://cdn-be.motork.net/dealer/datafiles/vehicle/images/800/190/RfW76cd3Z36XoUkW.JPG","https://cdn-be.motork.net/dealer/datafiles/vehicle/images/800/190/QI4Dv0w0WzMudo6W.JPG","https://cdn-be.motork.net/dealer/datafiles/vehicle/images/800/190/7H2FfRI2hbLVg0Xn.JPG","https://cdn-be.motork.net/dealer/datafiles/vehicle/images/800/190/uhgPRicyGPkkeNZN.JPG","https://cdn-be.motork.net/dealer/datafiles/vehicle/images/800/190/ZnXECJYlHsBq4ipH.JPG","https://cdn-be.motork.net/dealer/datafiles/vehicle/images/800/190/cp6NCihdlellgcKy.JPG","https://cdn-be.motork.net/dealer/datafiles/vehicle/images/800/190/pnc4KhaL8nud2Bmq.JPG",,,,,,,,,
"64305","2024 Ford Capri CAPRI AWD","Ford Capri CAPRI AWD bij Vanspringel Automobiles. SUV, Elektrisch, Automaat. Bouwjaar 2024, 6.527 km. Uitrusting: 360° caméra, 4x4, ABS, Accoudoir, Adaptive Cruise Control, Airbag conducteur, Airbag passager, Android Auto. Gecontroleerde occasie met minimum 1 jaar garantie. Boek je testrit online.","https://nl.advusedcars.be/autos/tweedehands/saint-gilles/ford/capri/elektrisch/capri-awd/64305/","Ford","Capri","2024","CAPRI AWD","6527","KM","54950.00 EUR","SUV","Rood","Zwart","Used","WF0SPCEF2SRY22555","Automatic","ELECTRIC","AWD","available",,"car_truck","active","2025-10-10","328","64305","{""addr1"":""Rue Américaine 12-14"",""city"":""Saint-Gilles"",""region"":""Brussels Hoofdstedelijk Gewest"",""postal_code"":""1060"",""country"":""BE""}","50.8246269","4.3550614","ADV-VANSPRINGEL-SAINT-GILLES","Vanspringel Automobiles","+3225382688","Vanspringel Automobiles","Ford","Elektrisch","https://cdn-be.motork.net/dealer/datafiles/vehicle/images/800/231/EhZeu3IXvF8ke33C.JPG","https://cdn-be.motork.net/dealer/datafiles/vehicle/images/800/231/H7buvCakQZAknyjd.JPG","https://cdn-be.motork.net/dealer/datafiles/vehicle/images/800/231/9ZqQjla3Uw4kJFVe.JPG","https://cdn-be.motork.net/dealer/datafiles/vehicle/images/800/231/RKqd03ZjO1nuzjnc.JPG","https://cdn-be.motork.net/dealer/datafiles/vehicle/images/800/231/UsJS7JFZOmGAjcIH.JPG","https://cdn-be.motork.net/dealer/datafiles/vehicle/images/800/231/7gX5zXi2wFCRcGXT.JPG","https://cdn-be.motork.net/dealer/datafiles/vehicle/images/800/231/qzhOEn2iGXNPKAPl.JPG","https://cdn-be.motork.net/dealer/datafiles/vehicle/images/800/231/qKUc0C00NKCOZvKw.jpg",,,,,,,,,,,,
"65651","2024 Ford Kuga PHEV ST-Line X","Ford Kuga PHEV ST-Line X bij Vanspringel Automobiles. SUV, Benzine, Automaat. Bouwjaar 2024, 9.305 km. Uitrusting: ABS/EBD, Accoudoir rabattable avec porte-gobelet sur la deuxième rangée de sièges, Active Grill Shutter, Active Park Assist 2: système de stationnement automatique, Aide au stationnement avant etarrière, Airbags avancés (frontaux et latéraux avant; airbags rideaux avant et arrière), Anneaux d'arrimage dans le coffre, Auto Start-Stop. Gecontroleerde occasie met minimum 1 jaar garantie. Boek je testrit online.","https://nl.advusedcars.be/autos/tweedehands/saint-gilles/ford/kuga/benzine/phev-st-line-x/65651/","Ford","Kuga","2024","PHEV ST-Line X","9305","KM","39950.00 EUR","SUV","Blauw","Zwart","Used","WF0FXXWPMHRK31918","Automatic","GASOLINE","FWD","available",,"car_truck","active","2025-10-21","317","65651","{""addr1"":""Rue Américaine 12-14"",""city"":""Saint-Gilles"",""region"":""Brussels Hoofdstedelijk Gewest"",""postal_code"":""1060"",""country"":""BE""}","50.8246269","4.3550614","ADV-VANSPRINGEL-SAINT-GILLES","Vanspringel Automobiles","+3225382688","Vanspringel Automobiles","Ford","Benzine","https://cdn-be.motork.net/dealer/datafiles/vehicle/images/800/231/HywcE2KK11bGbsJc.jpg","https://cdn-be.motork.net/dealer/datafiles/vehicle/images/800/231/Jo89vsDeQ2bcQXgH.jpg","https://cdn-be.motork.net/dealer/datafiles/vehicle/images/800/231/f7gjpD6U9aKzNx8u.jpg","https://cdn-be.motork.net/dealer/datafiles/vehicle/images/800/231/FNDepdsYloxmBdGl.jpg","https://cdn-be.motork.net/dealer/datafiles/vehicle/images/800/231/eaDc5lyONpH4OgVQ.jpg","https://cdn-be.motork.net/dealer/datafiles/vehicle/images/800/231/RBHCtDVeCmVUedAM.jpg","https://cdn-be.motork.net/dealer/datafiles/vehicle/images/800/231/rrlqW0PW2wxIq6IP.jpg","https://cdn-be.motork.net/dealer/datafiles/vehicle/images/800/231/dR7wHaMf9G92omuv.jpg","https://cdn-be.motork.net/dealer/datafiles/vehicle/images/800/231/WddBq2WFPef84KcM.jpg","https://cdn-be.motork.net/dealer/datafiles/vehicle/images/800/231/jYnM1Z9B19G5ococ.jpg","https://cdn-be.motork.net/dealer/datafiles/vehicle/images/800/231/fg3pPZbN5RkhmHCw.jpg","https://cdn-be.motork.net/dealer/datafiles/vehicle/images/800/231/hQhka52HrgVV77iD.jpg","https://cdn-be.motork.net/dealer/datafiles/vehicle/images/800/231/unu7hTHztrgZYh8G.jpg","https://cdn-be.motork.net/dealer/datafiles/vehicle/images/800/231/FOMJX4jgD3Ki6nSb.jpg","https://cdn-be.motork.net/dealer/datafiles/vehicle/images/800/231/KMBrciw5wcLBwzWp.jpg",,,,,
"65727","2022 Ford Mustang Mach-E 99kWh RWD","Ford Mustang Mach-E 99kWh RWD bij Vanspringel Automobiles. SUV, Elektrisch, Automaat. Bouwjaar 2022, 12.140 km. Uitrusting: ABS/EBD, Accoudoir rabattable avec porte-gobelet sur la deuxième rangée de sièges, Aide au démarrage en côte (Hill Start Assist), Aide au stationnement avant etarrière, Airbags avancés (frontaux, latéraux et genoux avant, airbags rideaux avant et arrière), Alarme anti vol périphérique et volumetrique, Anneaux d'arrimage dans le coffre, Avertissement pour ceintures. Gecontroleerde occasie met minimum 1 jaar garantie. Boek je testrit online.","https://nl.advusedcars.be/autos/tweedehands/saint-gilles/ford/mustang-mach-e/elektrisch/99kwh-rwd/65727/","Ford","Mustang Mach-E","2022","99kWh RWD","12140","KM","44950.00 EUR","SUV","Blauw","Zwart","Used","WF0TK1E74NMA52699","Automatic","ELECTRIC","RWD","available",,"car_truck","active","2025-10-22","316","65727","{""addr1"":""Rue Américaine 12-14"",""city"":""Saint-Gilles"",""region"":""Brussels Hoofdstedelijk Gewest"",""postal_code"":""1060"",""country"":""BE""}","50.8246269","4.3550614","ADV-VANSPRINGEL-SAINT-GILLES","Vanspringel Automobiles","+3225382688","Vanspringel Automobiles","Ford","Elektrisch","https://cdn-be.motork.net/dealer/datafiles/vehicle/images/800/231/yPFBBfFrD2MvbE6k.jpg","https://cdn-be.motork.net/dealer/datafiles/vehicle/images/800/231/vUdrM1M54kVv49aL.jpg","https://cdn-be.motork.net/dealer/datafiles/vehicle/images/800/231/E04Ar6oQ7IYP0ZjP.jpg","https://cdn-be.motork.net/dealer/datafiles/vehicle/images/800/231/fMdEA5jkHr9lQFiW.jpg","https://cdn-be.motork.net/dealer/datafiles/vehicle/images/800/231/3ZofeAvlRMf07drc.jpg","https://cdn-be.motork.net/dealer/datafiles/vehicle/images/800/231/QSapLQ4BdYuKt8LI.jpg","https://cdn-be.motork.net/dealer/datafiles/vehicle/images/800/231/303YTgytuHDP0dCs.jpg","https://cdn-be.motork.net/dealer/datafiles/vehicle/images/800/231/hnS5bx2Ftrw5Owiz.jpg","https://cdn-be.motork.net/dealer/datafiles/vehicle/images/800/231/UxdVg1nkCdFmbaUu.jpg","https://cdn-be.motork.net/dealer/datafiles/vehicle/images/800/231/oGTRYNRLruTkfgCH.jpg","https://cdn-be.motork.net/dealer/datafiles/vehicle/images/800/231/LPjFSVsw5qBPKE3F.jpg","https://cdn-be.motork.net/dealer/datafiles/vehicle/images/800/231/udP8K9YdDQwYSh0P.jpg","https://cdn-be.motork.net/dealer/datafiles/vehicle/images/800/231/VNB9ALReOr72k0He.jpg","https://cdn-be.motork.net/dealer/datafiles/vehicle/images/800/231/mYDz4UxUPTLgd0nk.jpg","https://cdn-be.motork.net/dealer/datafiles/vehicle/images/800/231/k9adIamjl5xT08C7.jpg","https://cdn-be.motork.net/dealer/datafiles/vehicle/images/800/231/nGzbT25jZE7KwOSm.jpg","https://cdn-be.motork.net/dealer/datafiles/vehicle/images/800/231/xlIZt4cdc0vKosfM.jpg",,,
"65734","2024 Ford Explorer 77 kWh RWD","Ford Explorer 77 kWh RWD bij Vanspringel Automobiles. SUV, Elektrisch, Automaat. Bouwjaar 2024, 6.500 km. Uitrusting: Accoudoir rabattable avec porte-gobelets sur la deuxième rangée de sièges, Aide au stationnement à l'avant et à l'arrière avec freinage de manœuvre, Airbags avancés (frontaux et latéraux avant; airbags rideaux avant et arrière), Anneaux d'arrimage dans le coffre, Blind Spot Information System (BLIS) avec Cross Trafic Alert avec Active Braking et Exit Warning, Cable de chargement pour points de charge publiques (type 2 - 16A triphasé), Caméra de recul, Climatisation automatique à double commande. Gecontroleerde occasie met minimum 1 jaar garantie. Boek je testrit online.","https://nl.advusedcars.be/autos/tweedehands/saint-gilles/ford/explorer/elektrisch/77-kwh-rwd/65734/","Ford","Explorer","2024","77 kWh RWD","6500","KM","43950.00 EUR","SUV","Zwart","Zwart","Used","WF0RPBEF9RRK87758","Automatic","ELECTRIC","RWD","available",,"car_truck","active","2025-10-22","316","65734","{""addr1"":""Rue Américaine 12-14"",""city"":""Saint-Gilles"",""region"":""Brussels Hoofdstedelijk Gewest"",""postal_code"":""1060"",""country"":""BE""}","50.8246269","4.3550614","ADV-VANSPRINGEL-SAINT-GILLES","Vanspringel Automobiles","+3225382688","Vanspringel Automobiles","Ford","Elektrisch","https://cdn-be.motork.net/dealer/datafiles/vehicle/images/800/231/fzW7zrQxCPPrSlmi.jpg","https://cdn-be.motork.net/dealer/datafiles/vehicle/images/800/231/UBDPllxpPzFctlWg.jpg","https://cdn-be.motork.net/dealer/datafiles/vehicle/images/800/231/VRVnHX3ZtdS6WfKP.jpg","https://cdn-be.motork.net/dealer/datafiles/vehicle/images/800/231/4YaJzyWW76xSMwxw.jpg","https://cdn-be.motork.net/dealer/datafiles/vehicle/images/800/231/uhP0kjU8rPfVURKj.jpg","https://cdn-be.motork.net/dealer/datafiles/vehicle/images/800/231/9jqHXzFlHBkU6HEs.jpg","https://cdn-be.motork.net/dealer/datafiles/vehicle/images/800/231/ihkta9zQoqao0wWz.jpg","https://cdn-be.motork.net/dealer/datafiles/vehicle/images/800/231/kcxR85i6dmWOEXW9.jpg","https://cdn-be.motork.net/dealer/datafiles/vehicle/images/800/231/DmCWcIIM9tQhBxWp.jpg","https://cdn-be.motork.net/dealer/datafiles/vehicle/images/800/231/bCuiBEG1Z8eeK55c.jpg","https://cdn-be.motork.net/dealer/datafiles/vehicle/images/800/231/NEL9DPe7T83EID89.jpg","https://cdn-be.motork.net/dealer/datafiles/vehicle/images/800/231/L6tSb677hdGqqla9.jpg","https://cdn-be.motork.net/dealer/datafiles/vehicle/images/800/231/KyEvy8LSNcRek2vV.jpg","https://cdn-be.motork.net/dealer/datafiles/vehicle/images/800/231/FE6udXGvjLsdZIDY.jpg","https://cdn-be.motork.net/dealer/datafiles/vehicle/images/800/231/ymtxKCMUIoVikTCs.jpg",,,,,
"66376","2024 Ford Mustang Mach-E 91 kWh Premium AWD","Ford Mustang Mach-E 91 kWh Premium AWD bij Vanspringel Automobiles. SUV, Elektrisch, Automaat. Bouwjaar 2024, 8.118 km. Uitrusting: 360° caméra, ABS/EBD, Accoudoir rabattable avec porte-gobelet sur la deuxième rangée de sièges, Adaptive Cruise Control, Aide au démarrage en côte (Hill Start Assist), Aide au stationnement actif, Aide au stationnement avant etarrière, Airbags avancés (frontaux, latéraux et genoux avant, airbags rideaux avant et arrière). Gecontroleerde occasie met minimum 1 jaar garantie. Boek je testrit online.","https://nl.advusedcars.be/autos/tweedehands/saint-gilles/ford/mustang-mach-e/elektrisch/91-kwh-premium-awd/66376/","Ford","Mustang Mach-E","2024","91 kWh Premium AWD","8118","KM","57950.00 EUR","SUV","Groen","Zwart","Used","WF0TK3SU4RMA07726","Automatic","ELECTRIC","AWD","available",,"car_truck","active","2025-10-28","310","66376","{""addr1"":""Rue Américaine 12-14"",""city"":""Saint-Gilles"",""region"":""Brussels Hoofdstedelijk Gewest"",""postal_code"":""1060"",""country"":""BE""}","50.8246269","4.3550614","ADV-VANSPRINGEL-SAINT-GILLES","Vanspringel Automobiles","+3225382688","Vanspringel Automobiles","Ford","Elektrisch","https://cdn-be.motork.net/dealer/datafiles/vehicle/images/800/231/kGFhoCK6ZoJX8RxQ.jpg","https://cdn-be.motork.net/dealer/datafiles/vehicle/images/800/231/pd46JPgaulyeVfP0.jpg","https://cdn-be.motork.net/dealer/datafiles/vehicle/images/800/231/1DjkyPiVma5EDchb.jpg","https://cdn-be.motork.net/dealer/datafiles/vehicle/images/800/231/Xsd1C9BntzTkkrqk.jpg","https://cdn-be.motork.net/dealer/datafiles/vehicle/images/800/231/oSvZJyh18ljxhEPE.jpg","https://cdn-be.motork.net/dealer/datafiles/vehicle/images/800/231/EjEwcAusy9z3ypZ0.jpg","https://cdn-be.motork.net/dealer/datafiles/vehicle/images/800/231/pGbmZ3P20ywt94Ah.jpg","https://cdn-be.motork.net/dealer/datafiles/vehicle/images/800/231/DZlQhbP4G7a2XYBU.jpg","https://cdn-be.motork.net/dealer/datafiles/vehicle/images/800/231/WutVUBvAOSerejCp.jpg","https://cdn-be.motork.net/dealer/datafiles/vehicle/images/800/231/9Z26APwM5AoZ4c8H.jpg","https://cdn-be.motork.net/dealer/datafiles/vehicle/images/800/231/MMFabzQCmnMoG64e.jpg","https://cdn-be.motork.net/dealer/datafiles/vehicle/images/800/231/kRjSjejBD35q62nY.jpg","https://cdn-be.motork.net/dealer/datafiles/vehicle/images/800/231/pmYTwYZStWhkVS1q.jpg","https://cdn-be.motork.net/dealer/datafiles/vehicle/images/800/231/4gtV7aXqxt004L9H.jpg","https://cdn-be.motork.net/dealer/datafiles/vehicle/images/800/231/cYrtbbCkmqbct2Dh.jpg","https://cdn-be.motork.net/dealer/datafiles/vehicle/images/800/231/k3XMuKNNqKp75kYg.jpg",,,,
"66388","2025 Ford Capri 77 kWh Extended Range RWD Premium","Ford Capri 77 kWh Extended Range RWD Premium bij Vanspringel Automobiles. SUV, Elektrisch, Automaat. Bouwjaar 2025, 10.012 km. Uitrusting: 360° caméra, Accoudoir rabattable avec porte-gobelets sur la deuxième rangée de sièges, Adaptive Cruise Control, Aide au stationnement à l'avant et à l'arrière avec freinage de manœuvre, Airbags avancés (frontaux et latéraux avant; airbags rideaux avant et arrière), Android Auto, Anneaux d'arrimage dans le coffre, Apple Carplay. Gecontroleerde occasie met minimum 1 jaar garantie. Boek je testrit online.","https://nl.advusedcars.be/autos/tweedehands/saint-gilles/ford/capri/elektrisch/77-kwh-extended-range-rwd-premium/66388/","Ford","Capri","2025","77 kWh Extended Range RWD Premium","10012","KM","49950.00 EUR","SUV","Grijs","Zwart","Used","WF0SPBEF0SSJ46089","Automatic","ELECTRIC","RWD","available",,"car_truck","active","2025-10-28","310","66388","{""addr1"":""Rue Américaine 12-14"",""city"":""Saint-Gilles"",""region"":""Brussels Hoofdstedelijk Gewest"",""postal_code"":""1060"",""country"":""BE""}","50.8246269","4.3550614","ADV-VANSPRINGEL-SAINT-GILLES","Vanspringel Automobiles","+3225382688","Vanspringel Automobiles","Ford","Elektrisch","https://cdn-be.motork.net/dealer/datafiles/vehicle/images/800/231/IyFhkwEmJtodjdkY.jpg","https://cdn-be.motork.net/dealer/datafiles/vehicle/images/800/231/LHWgxdJftXeteQxI.jpg","https://cdn-be.motork.net/dealer/datafiles/vehicle/images/800/231/mLBrYARuOuWGb9tX.jpg","https://cdn-be.motork.net/dealer/datafiles/vehicle/images/800/231/DKdn2k5mQYwypAXu.jpg","https://cdn-be.motork.net/dealer/datafiles/vehicle/images/800/231/z1xOn6Sgel1JK58b.jpg","https://cdn-be.motork.net/dealer/datafiles/vehicle/images/800/231/jAGvwacqOCrbjpzw.jpg","https://cdn-be.motork.net/dealer/datafiles/vehicle/images/800/231/AJc0TPGltiR1vYeI.jpg","https://cdn-be.motork.net/dealer/datafiles/vehicle/images/800/231/BH0FSObXFm6PSwGw.jpg","https://cdn-be.motork.net/dealer/datafiles/vehicle/images/800/231/xUEbPkP2mudd6E3G.jpg","https://cdn-be.motork.net/dealer/datafiles/vehicle/images/800/231/udDbxl0EUu8JCJ9P.jpg","https://cdn-be.motork.net/dealer/datafiles/vehicle/images/800/231/VcCEfvc7TAXGVGFX.jpg","https://cdn-be.motork.net/dealer/datafiles/vehicle/images/800/231/7LQ6I9Kb1smRKMRV.jpg","https://cdn-be.motork.net/dealer/datafiles/vehicle/images/800/231/EpeOt7tR00kIi2aW.jpg",,,,,,,
"68491","2024 Ford Puma EcoBoost mHEV ST-Line X","Ford Puma EcoBoost mHEV ST-Line X bij Vanspringel Automobiles. SUV, Benzine, Manueel. Bouwjaar 2024, 12.100 km. Uitrusting: ''Agate Black'' Teinte métallisée, ''Cactus Grey'' Teinte non-métallisée, ''Furious Emroidery'' en Ebony avec surpiqûres en rouges - ''Feeltek'' en Ebony (partiellement en Sensico), 1er propriétaire, 360° caméra, ABS/EBD, Accoudoir, Active Grille Shutter. Gecontroleerde occasie met minimum 1 jaar garantie. Boek je testrit online.","https://nl.advusedcars.be/autos/tweedehands/saint-gilles/ford/puma/benzine/ecoboost-mhev-st-line-x/68491/","Ford","Puma","2024","EcoBoost mHEV ST-Line X","12100","KM","29950.00 EUR","SUV","Zwart","Zwart","Used","WF02XXERK2RC78140","Manual","GASOLINE","FWD","available",,"car_truck","active","2025-11-12","295","68491","{""addr1"":""Rue Américaine 12-14"",""city"":""Saint-Gilles"",""region"":""Brussels Hoofdstedelijk Gewest"",""postal_code"":""1060"",""country"":""BE""}","50.8246269","4.3550614","ADV-VANSPRINGEL-SAINT-GILLES","Vanspringel Automobiles","+3225382688","Vanspringel Automobiles","Ford","Benzine","https://cdn-be.motork.net/dealer/datafiles/vehicle/images/800/231/4fstUx4qUFSRQvxF.jpg","https://cdn-be.motork.net/dealer/datafiles/vehicle/images/800/231/Zr4BdlLrL2ISuPiF.jpg","https://cdn-be.motork.net/dealer/datafiles/vehicle/images/800/231/M1NAG9JvrPnA7i7w.jpg","https://cdn-be.motork.net/dealer/datafiles/vehicle/images/800/231/eFaAy818plkyfm2D.jpg","https://cdn-be.motork.net/dealer/datafiles/vehicle/images/800/231/1lXYkzCCaq3fLYHx.jpg","https://cdn-be.motork.net/dealer/datafiles/vehicle/images/800/231/5iuLLRGwUjymwIXr.jpg","https://cdn-be.motork.net/dealer/datafiles/vehicle/images/800/231/fOqYSsxFLxPXeRMm.jpg","https://cdn-be.motork.net/dealer/datafiles/vehicle/images/800/231/s5hZR3qZFQrLcUcw.jpg","https://cdn-be.motork.net/dealer/datafiles/vehicle/images/800/231/FkTSBGwt3oLYYnnE.jpg","https://cdn-be.motork.net/dealer/datafiles/vehicle/images/800/231/Y1DDi52J3AllwO0U.jpg","https://cdn-be.motork.net/dealer/datafiles/vehicle/images/800/231/nepRBp0gVlFc78Eb.jpg","https://cdn-be.motork.net/dealer/datafiles/vehicle/images/800/231/8w0OLeAoZFHdIH4k.jpg","https://cdn-be.motork.net/dealer/datafiles/vehicle/images/800/231/K8HUBDflMr08stOo.jpg","https://cdn-be.motork.net/dealer/datafiles/vehicle/images/800/231/qz9gZF0g0VDxTZa1.jpg","https://cdn-be.motork.net/dealer/datafiles/vehicle/images/800/231/HV9vDy0frj8z07Kc.jpg","https://cdn-be.motork.net/dealer/datafiles/vehicle/images/800/231/uda3Jvsclt3NLlKr.jpg","https://cdn-be.motork.net/dealer/datafiles/vehicle/images/800/231/kJwiQx1uRjmSAN3o.jpg","https://cdn-be.motork.net/dealer/datafiles/vehicle/images/800/231/uADzZTHI5OzjmNkr.jpg",,
"73365","2025 Ford Transit Custom Nugget - Korte wielbasis - Meteen beschikbaar!!","Ford Transit Custom Nugget - Korte wielbasis - Meteen beschikbaar!! bij Vanspringel Automobiles. Bestelwagen, Diesel, Manueel. Bouwjaar 2025, 12.100 km. Uitrusting: ABS, Achteruitrijcamera, Airbag bestuurder, Airbag passagier, Airbags latéraux, Airconditioning automatisch, Android Auto, Apple Carplay. Gecontroleerde occasie met minimum 1 jaar garantie. Boek je testrit online.","https://nl.advusedcars.be/autos/tweedehands/saint-gilles/ford/transit-custom/diesel/nugget-korte-wielbasis-meteen-beschikbaar/73365/","Ford","Transit Custom","2025","Nugget - Korte wielbasis - Meteen beschikbaar!!","12100","KM","59950.00 EUR","VAN","Wit","Zwart","Used","WF0LXXTA7LRR19786","Manual","DIESEL","FWD","available",,"commercial","active","2025-12-20","257","73365","{""addr1"":""Rue Américaine 12-14"",""city"":""Saint-Gilles"",""region"":""Brussels Hoofdstedelijk Gewest"",""postal_code"":""1060"",""country"":""BE""}","50.8246269","4.3550614","ADV-VANSPRINGEL-SAINT-GILLES","Vanspringel Automobiles","+3225382688","Vanspringel Automobiles","Ford","Diesel","https://cdn-be.motork.net/dealer/datafiles/vehicle/images/800/231/kiMhHHJIMdxUKqBE.JPG","https://cdn-be.motork.net/dealer/datafiles/vehicle/images/800/231/eCWpw3xhA3KfzvH6.JPG","https://cdn-be.motork.net/dealer/datafiles/vehicle/images/800/231/3sf2lZvGHHu4CPiT.JPG","https://cdn-be.motork.net/dealer/datafiles/vehicle/images/800/231/ZhwTI5xjdefTcOkL.JPG","https://cdn-be.motork.net/dealer/datafiles/vehicle/images/800/231/3ViI1DQN3YzVl28w.JPG","https://cdn-be.motork.net/dealer/datafiles/vehicle/images/800/231/xrY1ML7Xo3vQpWmu.JPG","https://cdn-be.motork.net/dealer/datafiles/vehicle/images/800/231/WXF1EDjSW8lx788E.JPG","https://cdn-be.motork.net/dealer/datafiles/vehicle/images/800/231/DoZwJ62ZgtOfwQkk.JPG","https://cdn-be.motork.net/dealer/datafiles/vehicle/images/800/231/525GV5fuVWJfu4Hj.JPG","https://cdn-be.motork.net/dealer/datafiles/vehicle/images/800/231/vDFt5NQY5X4ee1Ea.JPG","https://cdn-be.motork.net/dealer/datafiles/vehicle/images/800/231/Ed3uybxjaKdizLb1.JPG","https://cdn-be.motork.net/dealer/datafiles/vehicle/images/800/231/MsOgFN3wDav2bq3f.JPG","https://cdn-be.motork.net/dealer/datafiles/vehicle/images/800/231/sGR9tBzmP9adqUZz.jpg",,,,,,,
"80528","2024 Ford Transit 350L L3H2 TD Trend AUT FWD","Ford Transit 350L L3H2 TD Trend AUT FWD bij Vanspringel Automobiles. Bestelwagen, Diesel, Automaat. Bouwjaar 2024, 20 km. Uitrusting: 1er propriétaire, ABS, ABS + ESP incl: Hill Launch assist, Trailer Sway assist, EBA/EBD/EBL, Traction C, Airbag conducteur, Airbag conducteur, Alternateur 150 Amp, Android Auto, Apple Carplay. Gecontroleerde occasie met minimum 1 jaar garantie. Boek je testrit online.","https://nl.advusedcars.be/autos/tweedehands/saint-gilles/ford/transit/diesel/350l-l3h2-td-trend-aut-fwd/80528/","Ford","Transit","2024","350L L3H2 TD Trend AUT FWD","20","KM","37950.00 EUR","VAN","Wit","Zwart","Used","WF0EXXTTRERA89253","Automatic","DIESEL","FWD","available",,"commercial","active","2026-02-24","191","80528","{""addr1"":""Rue Américaine 12-14"",""city"":""Saint-Gilles"",""region"":""Brussels Hoofdstedelijk Gewest"",""postal_code"":""1060"",""country"":""BE""}","50.8246269","4.3550614","ADV-VANSPRINGEL-SAINT-GILLES","Vanspringel Automobiles","+3225382688","Vanspringel Automobiles","Ford","Diesel","https://cdn-be.motork.net/dealer/datafiles/vehicle/images/800/231/C9nPy6BILZGps2Kk.JPG","https://cdn-be.motork.net/dealer/datafiles/vehicle/images/800/231/AvDlPGcAmusf5sf5.JPG","https://cdn-be.motork.net/dealer/datafiles/vehicle/images/800/231/GU6gUBwZaLGzuIFs.JPG","https://cdn-be.motork.net/dealer/datafiles/vehicle/images/800/231/fDkADVCETTMhnQTB.JPG","https://cdn-be.motork.net/dealer/datafiles/vehicle/images/800/231/L6wupHcHjgVwbZOL.JPG","https://cdn-be.motork.net/dealer/datafiles/vehicle/images/800/231/c4HZUHIWxDJOV7Qg.JPG","https://cdn-be.motork.net/dealer/datafiles/vehicle/images/800/231/wjD73fjgwHUgadZb.JPG","https://cdn-be.motork.net/dealer/datafiles/vehicle/images/800/231/GQfbM7pYeWbsC8Bx.JPG","https://cdn-be.motork.net/dealer/datafiles/vehicle/images/800/231/LGqxAw41ucERz1nn.jpg",,,,,,,,,,,
"86380","2024 Ford Puma EcoBoost Titanium","Ford Puma EcoBoost Titanium bij Vanspringel Automobiles. SUV, Benzine, Manueel. Bouwjaar 2024, 22.930 km. Uitrusting: ABS, Accoudoir, Airbag conducteur, Airbag passager, Airbags latéraux, Airbags à l'arrière, Android Auto, Apple Carplay. Gecontroleerde occasie met minimum 1 jaar garantie. Boek je testrit online.","https://nl.advusedcars.be/autos/tweedehands/saint-gilles/ford/puma/benzine/ecoboost-titanium/86380/","Ford","Puma","2024","EcoBoost Titanium","22930","KM","19990.00 EUR","SUV","Grijs","Grijs","Used","WF02XXERK2RB75009","Manual","GASOLINE","FWD","available",,"car_truck","active","2026-04-16","140","86380","{""addr1"":""Rue Américaine 12-14"",""city"":""Saint-Gilles"",""region"":""Brussels Hoofdstedelijk Gewest"",""postal_code"":""1060"",""country"":""BE""}","50.8246269","4.3550614","ADV-VANSPRINGEL-SAINT-GILLES","Vanspringel Automobiles","+3225382688","Vanspringel Automobiles","Ford","Benzine","https://cdn-be.motork.net/dealer/datafiles/vehicle/images/800/231/mdgoBL9NoQeiiUmg.JPG","https://cdn-be.motork.net/dealer/datafiles/vehicle/images/800/231/RyKAjEEf5MRXiX0h.JPG","https://cdn-be.motork.net/dealer/datafiles/vehicle/images/800/231/iqWJPAquSw7KmYtT.JPG","https://cdn-be.motork.net/dealer/datafiles/vehicle/images/800/231/AxmNjm1gi9kT3qMN.JPG","https://cdn-be.motork.net/dealer/datafiles/vehicle/images/800/231/HQfEBNIDgiuqc4E1.JPG","https://cdn-be.motork.net/dealer/datafiles/vehicle/images/800/231/ySnDfZw8bnEc5a00.JPG","https://cdn-be.motork.net/dealer/datafiles/vehicle/images/800/231/rb5G3l8PqZ5EktCh.jpg",,,,,,,,,,,,,
"119139","2024 Ford Tourneo Custom 2.0 TD 136PK Automatique - 8 Places!!","Ford Tourneo Custom 2.0 TD 136PK Automatique - 8 Places!! bij Vanspringel Automobiles. Monovolume, Diesel, Automaat. Bouwjaar 2024, 10 km. Uitrusting: 3 zones automatische airconditioning, ABS, ABS, Achteruitrijcamera, Achteruitrijcamera, Airbag bestuurder, Airbag bestuurder, Airbag passagier. Gecontroleerde occasie met minimum 1 jaar garantie. Boek je testrit online.","https://nl.advusedcars.be/autos/tweedehands/saint-gilles/ford/tourneo-custom/diesel/2-0-td-136pk-automatique-8-places/119139/","Ford","Tourneo Custom","2024","2.0 TD 136PK Automatique - 8 Places!!","10","KM","41950.00 EUR","MINIVAN","Grijs","Zwart","Used","WF0XXXTA8XRR21893","Automatic","DIESEL","Other","available",,"car_truck","active","2026-08-21","13","119139","{""addr1"":""Rue Américaine 12-14"",""city"":""Saint-Gilles"",""region"":""Brussels Hoofdstedelijk Gewest"",""postal_code"":""1060"",""country"":""BE""}","50.8246269","4.3550614","ADV-VANSPRINGEL-SAINT-GILLES","Vanspringel Automobiles","+3225382688","Vanspringel Automobiles","Ford","Diesel","https://cdn-be.motork.net/dealer/datafiles/vehicle/images/800/231/Of5PyQNv3VyzHPJr.jpg","https://cdn-be.motork.net/dealer/datafiles/vehicle/images/800/231/nzO7SVPIjNqT1B5l.jpg","https://cdn-be.motork.net/dealer/datafiles/vehicle/images/800/231/UERfzqblXA5aeBTo.jpg","https://cdn-be.motork.net/dealer/datafiles/vehicle/images/800/231/cEFSJMlc0mFBFSU6.jpg","https://cdn-be.motork.net/dealer/datafiles/vehicle/images/800/231/Q3SztJNwuOPu0O6L.jpg","https://cdn-be.motork.net/dealer/datafiles/vehicle/images/800/231/hID67r9rfxcKSqtG.jpg","https://cdn-be.motork.net/dealer/datafiles/vehicle/images/800/231/KjWyHZuxasQJVjSp.jpg","https://cdn-be.motork.net/dealer/datafiles/vehicle/images/800/231/wd7bOGVzPT4mKrvl.jpg","https://cdn-be.motork.net/dealer/datafiles/vehicle/images/800/231/ftUw6oDGeTSqdeC2.jpg","https://cdn-be.motork.net/dealer/datafiles/vehicle/images/800/231/JBAXHNR60R6wloCT.jpg","https://cdn-be.motork.net/dealer/datafiles/vehicle/images/800/231/lJTCETwaXyLdHkpF.jpg","https://cdn-be.motork.net/dealer/datafiles/vehicle/images/800/231/avzwQrIQkuGpfTQx.jpg",,,,,,,,
"20490","2022 Ford Mustang Mach-E 76kWh AWD - Directiewagen!","Ford Mustang Mach-E 76kWh AWD - Directiewagen! bij Waasland Automotive Beveren. SUV, Elektrisch, Automaat. Bouwjaar 2022, 6.464 km. Uitrusting: 'Quickclear' elektrische voorruitontdooiing, 12V aansluiting in de kofferruimte, 18'' lichtmetalen velgen - banden 225/60 R18 100V, ABS met elektronische remkrachtverdeling, Achterbank (rug) neerklapbaar in 2 delen (60/40), Achteruitrijcamera, Adaptive Cruise Control met Stop&Go, Traffic Jam Assist en Lane Centering Assist, Automatisch dimmende interieurspiegel. Gecontroleerde occasie met minimum 1 jaar garantie. Boek je testrit online.","https://nl.advusedcars.be/autos/tweedehands/beveren/ford/mustang-mach-e/elektrisch/76kwh-awd-directiewagen/20490/","Ford","Mustang Mach-E","2022","76kWh AWD - Directiewagen!","6464","KM","36990.00 EUR","SUV","Grijs","Zwart","Used","WF0TK3SS6NMA07512","Automatic","ELECTRIC","FWD","available",,"car_truck","active","2024-11-26","646","1371622","{""addr1"":""Pareinpark 4"",""city"":""Beveren"",""region"":""Oost-Vlaanderen"",""postal_code"":""9120"",""country"":""BE""}","51.2187909","4.2712614","ADV-WAASLAND-BEVEREN","Waasland Automotive Beveren","+3237787960","Waasland Automotive Beveren","Ford","Elektrisch","https://cdn-be.motork.net/dealer/datafiles/vehicle/images/800/133/WWGaYD6p8McXIMXf.jpg","https://cdn-be.motork.net/dealer/datafiles/vehicle/images/800/133/LJr1YwasFfhTUmfh.JPG","https://cdn-be.motork.net/dealer/datafiles/vehicle/images/800/133/xpFsWaR4qjR0tP8a.jpg","https://cdn-be.motork.net/dealer/datafiles/vehicle/images/800/133/TRyZT33TTPtLklsY.jpg","https://cdn-be.motork.net/dealer/datafiles/vehicle/images/800/133/p84ZwVMvbMNoKDzt.jpg","https://cdn-be.motork.net/dealer/datafiles/vehicle/images/800/133/qaeTdKuSwXSoINpq.jpg","https://cdn-be.motork.net/dealer/datafiles/vehicle/images/800/133/OReyG7tqVd4CRGAZ.jpg","https://cdn-be.motork.net/dealer/datafiles/vehicle/images/800/133/wLYormYnmDyN6xoT.jpg","https://cdn-be.motork.net/dealer/datafiles/vehicle/images/800/133/JBgngGlbdW1RkZAi.jpg","https://cdn-be.motork.net/dealer/datafiles/vehicle/images/800/133/NldsQkS32IB3n8hD.jpg","https://cdn-be.motork.net/dealer/datafiles/vehicle/images/800/133/G7ZoIhP7GoECduqM.jpg","https://cdn-be.motork.net/dealer/datafiles/vehicle/images/800/133/bBaWoLZQPcfaTi8w.jpg","https://cdn-be.motork.net/dealer/datafiles/vehicle/images/800/133/XsGS7INeMdp7VP1B.jpg","https://cdn-be.motork.net/dealer/datafiles/vehicle/images/800/133/zP9pmapATed2xyy7.jpg","https://cdn-be.motork.net/dealer/datafiles/vehicle/images/800/133/fmMwFn9zzQVZKY6A.jpg","https://cdn-be.motork.net/dealer/datafiles/vehicle/images/800/133/MFEt2VZgqlRmiAuR.jpg",,,,
"30165","2021 Ford Mustang Mach-E 76kWh RWD - Topdeal!","Ford Mustang Mach-E 76kWh RWD - Topdeal! bij Waasland Automotive Beveren. SUV, Elektrisch, Automaat. Bouwjaar 2021, 7.215 km. Uitrusting: 'Quickclear' elektrische voorruitontdooiing, 12V aansluiting in de kofferruimte, 18'' lichtmetalen velgen - banden 225/60 R18 100V, ABS met elektronische remkrachtverdeling, Achterbank (rug) neerklapbaar in 2 delen (60/40), Achteruitrijcamera, Adaptive Cruise Control met Stop&Go, Traffic Jam Assist en Lane Centering Assist, Automatisch dimmende interieurspiegel. Gecontroleerde occasie met minimum 1 jaar garantie. Boek je testrit online.","https://nl.advusedcars.be/autos/tweedehands/beveren/ford/mustang-mach-e/elektrisch/76kwh-rwd-topdeal/30165/","Ford","Mustang Mach-E","2021","76kWh RWD - Topdeal!","7215","KM","36990.00 EUR","SUV","Rood","Zwart","Used","WF0TK1EM4MMA23790","Automatic","ELECTRIC","FWD","available",,"car_truck","active","2025-02-17","563","1201801","{""addr1"":""Pareinpark 4"",""city"":""Beveren"",""region"":""Oost-Vlaanderen"",""postal_code"":""9120"",""country"":""BE""}","51.2187909","4.2712614","ADV-WAASLAND-BEVEREN","Waasland Automotive Beveren","+3237787960","Waasland Automotive Beveren","Ford","Elektrisch","https://cdn-be.motork.net/dealer/datafiles/vehicle/images/800/133/6DSoRxLAbkzl3WyC.jpg","https://cdn-be.motork.net/dealer/datafiles/vehicle/images/800/133/bIZsHttFxXPQ3kiE.jpg","https://cdn-be.motork.net/dealer/datafiles/vehicle/images/800/133/nNh7px2e3Pn1iqtO.jpg","https://cdn-be.motork.net/dealer/datafiles/vehicle/images/800/133/uxp4Rwp8bH4Zg2Oe.jpg","https://cdn-be.motork.net/dealer/datafiles/vehicle/images/800/133/acN5Hzgs8Mg3l3yC.jpg","https://cdn-be.motork.net/dealer/datafiles/vehicle/images/800/133/JlfLC8OqrJ3G6nWr.jpg","https://cdn-be.motork.net/dealer/datafiles/vehicle/images/800/133/exSHuUj7houJZcT6.jpg","https://cdn-be.motork.net/dealer/datafiles/vehicle/images/800/133/FPYhubYUI0cm9NO3.jpg","https://cdn-be.motork.net/dealer/datafiles/vehicle/images/800/133/5eFzIqFcYZLdPCtz.jpg","https://cdn-be.motork.net/dealer/datafiles/vehicle/images/800/133/eSjWT7vJ1PSjZm1d.jpg","https://cdn-be.motork.net/dealer/datafiles/vehicle/images/800/133/EmsDaMXj62SIVHU8.jpg","https://cdn-be.motork.net/dealer/datafiles/vehicle/images/800/133/jfQ3J12bFYt3bOZv.jpg","https://cdn-be.motork.net/dealer/datafiles/vehicle/images/800/133/noee6H8B9r9aJQFz.jpg","https://cdn-be.motork.net/dealer/datafiles/vehicle/images/800/133/XGCJviDV3fsgT9Ku.jpg","https://cdn-be.motork.net/dealer/datafiles/vehicle/images/800/133/QNaLapaquwZ6yX51.jpg","https://cdn-be.motork.net/dealer/datafiles/vehicle/images/800/133/aiXiNupz8uL12NCO.jpg","https://cdn-be.motork.net/dealer/datafiles/vehicle/images/800/133/p15Y3kuGSekvcVLO.jpg","https://cdn-be.motork.net/dealer/datafiles/vehicle/images/800/133/CI3us2NjJy11YBPZ.jpg",,
"50010","2021 Ford Focus Connected - € 19.990!!","Ford Focus Connected - € 19.990!! bij Waasland Automotive Beveren. Break, Diesel, Manueel. Bouwjaar 2021, 33.312 km. Uitrusting: ABS, Achteruitrijcamera, Airbag bestuurder, Airbag passagier, Android Auto, Apple Carplay, Automatische Airconditioning, Automatische lichten. Gecontroleerde occasie met minimum 1 jaar garantie. Boek je testrit online.","https://nl.advusedcars.be/autos/tweedehands/beveren/ford/focus/diesel/connected-19-990/50010/","Ford","Focus","2021","Connected - € 19.990!!","33312","KM","19990.00 EUR","WAGON","Blauw","Zwart","Used","WF0PXXGCHPMJ21012","Manual","DIESEL","Other","available",,"car_truck","active","2025-08-20","379","B200","{""addr1"":""Pareinpark 4"",""city"":""Beveren"",""region"":""Oost-Vlaanderen"",""postal_code"":""9120"",""country"":""BE""}","51.2187909","4.2712614","ADV-WAASLAND-BEVEREN","Waasland Automotive Beveren","+3237787960","Waasland Automotive Beveren","Ford","Diesel","https://cdn-be.motork.net/dealer/datafiles/vehicle/images/800/133/yqNVTTro58sPk0nS.jpg","https://cdn-be.motork.net/dealer/datafiles/vehicle/images/800/133/wUJYOcNrW9MqnUoB.jpg","https://cdn-be.motork.net/dealer/datafiles/vehicle/images/800/133/W9HNJ6GLdMrceDyq.jpg","https://cdn-be.motork.net/dealer/datafiles/vehicle/images/800/133/HNFsSzYc4FEMdInd.jpg","https://cdn-be.motork.net/dealer/datafiles/vehicle/images/800/133/7T0OlLlC9rwaT6pu.jpg","https://cdn-be.motork.net/dealer/datafiles/vehicle/images/800/133/hsIIt2rNHxKNFMNs.jpg","https://cdn-be.motork.net/dealer/datafiles/vehicle/images/800/133/yUpFLmaqXI1XuqXT.jpg","https://cdn-be.motork.net/dealer/datafiles/vehicle/images/800/133/ouBnxbfq7RVylidS.jpg","https://cdn-be.motork.net/dealer/datafiles/vehicle/images/800/133/FFgscYZrsaj5qa2g.jpg","https://cdn-be.motork.net/dealer/datafiles/vehicle/images/800/133/gpd6VQ9I8P6QRqVe.jpg","https://cdn-be.motork.net/dealer/datafiles/vehicle/images/800/133/Li43he17o7h6sKrX.jpg","https://cdn-be.motork.net/dealer/datafiles/vehicle/images/800/133/PcHHDrklPi7y9ILI.jpg","https://cdn-be.motork.net/dealer/datafiles/vehicle/images/800/133/vevfYPNqUBXYo0IW.jpg","https://cdn-be.motork.net/dealer/datafiles/vehicle/images/800/133/qj4CLtNLNGCwlh3n.jpg","https://cdn-be.motork.net/dealer/datafiles/vehicle/images/800/133/anWxIxNiAWecOAV0.jpg","https://cdn-be.motork.net/dealer/datafiles/vehicle/images/800/133/RA4k1rdKNxFkVjwV.jpg","https://cdn-be.motork.net/dealer/datafiles/vehicle/images/800/133/2wJcanDhcEnPizIO.jpg","https://cdn-be.motork.net/dealer/datafiles/vehicle/images/800/133/76BxUiZ0ns4MRGiq.jpg",,
"61147","2024 Ford Transit Connect Trend L1 - 1.0 Ecoboost 100pk - Topdeal!","Ford Transit Connect Trend L1 - 1.0 Ecoboost 100pk - Topdeal! bij Waasland Automotive Beveren. Bestelwagen, Diesel, Manueel. Bouwjaar 2024, 32 km. Uitrusting: ABS, Achteruitrijcamera, Airbag bestuurder, Airbags lateraal, Airconditioning manueel, Automatische lichten, Bandenspanningscontrolesysteem, Boordcomputer. Gecontroleerde occasie met minimum 1 jaar garantie. Boek je testrit online.","https://nl.advusedcars.be/autos/tweedehands/beveren/ford/transit-connect/diesel/trend-l1-1-0-ecoboost-100pk-topdeal/61147/","Ford","Transit Connect","2024","Trend L1 - 1.0 Ecoboost 100pk - Topdeal!","32","KM","21767.90 EUR","VAN","Wit","Zwart","Used","WF0RXXWPGRPL20629","Manual","DIESEL","Other","available",,"commercial","active","2025-09-24","344","1916284","{""addr1"":""Pareinpark 4"",""city"":""Beveren"",""region"":""Oost-Vlaanderen"",""postal_code"":""9120"",""country"":""BE""}","51.2187909","4.2712614","ADV-WAASLAND-BEVEREN","Waasland Automotive Beveren","+3237787960","Waasland Automotive Beveren","Ford","Diesel","https://cdn-be.motork.net/dealer/datafiles/vehicle/images/800/133/0nCFY9SBjqRTCq9n.jpg","https://cdn-be.motork.net/dealer/datafiles/vehicle/images/800/133/s5rpW0XLSIMjOS8a.jpg","https://cdn-be.motork.net/dealer/datafiles/vehicle/images/800/133/vWm5OYPAlhGqZEtP.jpg","https://cdn-be.motork.net/dealer/datafiles/vehicle/images/800/133/IGMGirfL8jcmHVjh.jpg","https://cdn-be.motork.net/dealer/datafiles/vehicle/images/800/133/YTFjAuhNuvIok7I7.jpg","https://cdn-be.motork.net/dealer/datafiles/vehicle/images/800/133/AcmGsREMu7eyr64Q.jpg","https://cdn-be.motork.net/dealer/datafiles/vehicle/images/800/133/LYP24RAMJE5ziLrD.jpg","https://cdn-be.motork.net/dealer/datafiles/vehicle/images/800/133/XCxT94GwcMH3bo7v.jpg","https://cdn-be.motork.net/dealer/datafiles/vehicle/images/800/133/7CrYzRKZDlvSgeMZ.jpg","https://cdn-be.motork.net/dealer/datafiles/vehicle/images/800/133/0bHiphJsWPwOf88y.jpg","https://cdn-be.motork.net/dealer/datafiles/vehicle/images/800/133/0XkvXzLim7i4K1H3.jpg","https://cdn-be.motork.net/dealer/datafiles/vehicle/images/800/133/0K3AAh2Ux2QsxogM.jpg","https://cdn-be.motork.net/dealer/datafiles/vehicle/images/800/133/yunk56DdpEKX48f0.jpg","https://cdn-be.motork.net/dealer/datafiles/vehicle/images/800/133/IHnXtSFyP4UxaEKe.jpg","https://cdn-be.motork.net/dealer/datafiles/vehicle/images/800/133/DsOnCayuK0ZeWEaI.jpg","https://cdn-be.motork.net/dealer/datafiles/vehicle/images/800/133/ZsFfTS22MYZCzXQB.jpg","https://cdn-be.motork.net/dealer/datafiles/vehicle/images/800/133/c9c52natrUnF44A0.jpg","https://cdn-be.motork.net/dealer/datafiles/vehicle/images/800/133/420266QVC0hxacJt.jpg",,
"61148","2024 Ford Transit Connect Trend L2 - 1.5 TDCI 100pk - Topdeal!","Ford Transit Connect Trend L2 - 1.5 TDCI 100pk - Topdeal! bij Waasland Automotive Beveren. Bestelwagen, Diesel, Manueel. Bouwjaar 2024, 9 km. Uitrusting: ABS, Airbag bestuurder, Airbag passagier, Airconditioning manueel, Automatische lichten, Bandenspanningscontrole, Bandenspanningscontrolesysteem, Boordcomputer. Gecontroleerde occasie met minimum 1 jaar garantie. Boek je testrit online.","https://nl.advusedcars.be/autos/tweedehands/beveren/ford/transit-connect/diesel/trend-l2-1-5-tdci-100pk-topdeal/61148/","Ford","Transit Connect","2024","Trend L2 - 1.5 TDCI 100pk - Topdeal!","9","KM","24187.90 EUR","VAN","Wit","Zwart","Used","WF0SXXWPGSRR74560","Manual","DIESEL","Other","available",,"commercial","active","2025-09-24","344","1916259","{""addr1"":""Pareinpark 4"",""city"":""Beveren"",""region"":""Oost-Vlaanderen"",""postal_code"":""9120"",""country"":""BE""}","51.2187909","4.2712614","ADV-WAASLAND-BEVEREN","Waasland Automotive Beveren","+3237787960","Waasland Automotive Beveren","Ford","Diesel","https://cdn-be.motork.net/dealer/datafiles/vehicle/images/800/133/M53FNQjFtu7CT8kf.jpg","https://cdn-be.motork.net/dealer/datafiles/vehicle/images/800/133/xAKQdQPIo7k9RVqU.jpg","https://cdn-be.motork.net/dealer/datafiles/vehicle/images/800/133/SsIjxCzG37hnuRtr.jpg","https://cdn-be.motork.net/dealer/datafiles/vehicle/images/800/133/Q0XAJ1sFIQByol3J.jpg","https://cdn-be.motork.net/dealer/datafiles/vehicle/images/800/133/U9sxmVX9gxWFx5UK.jpg","https://cdn-be.motork.net/dealer/datafiles/vehicle/images/800/133/EodaJU0GHTEMYNQv.jpg","https://cdn-be.motork.net/dealer/datafiles/vehicle/images/800/133/78XWhrTVS6lXZFlF.jpg","https://cdn-be.motork.net/dealer/datafiles/vehicle/images/800/133/8ux1IZVUrMArwY60.jpg","https://cdn-be.motork.net/dealer/datafiles/vehicle/images/800/133/KdqNtqSrQjVFmPU1.jpg","https://cdn-be.motork.net/dealer/datafiles/vehicle/images/800/133/IZ81pAtKnyoXZazS.jpg","https://cdn-be.motork.net/dealer/datafiles/vehicle/images/800/133/IqaOidWnX36XK9XO.jpg","https://cdn-be.motork.net/dealer/datafiles/vehicle/images/800/133/yy85MWEb4PeQsGxZ.jpg","https://cdn-be.motork.net/dealer/datafiles/vehicle/images/800/133/dzqev2AlluIlZa07.jpg","https://cdn-be.motork.net/dealer/datafiles/vehicle/images/800/133/FCXNSIlWF5nalDIS.jpg","https://cdn-be.motork.net/dealer/datafiles/vehicle/images/800/133/IOHGxinBnpRfzyWj.jpg","https://cdn-be.motork.net/dealer/datafiles/vehicle/images/800/133/iMnCct7JnS7JT27F.jpg","https://cdn-be.motork.net/dealer/datafiles/vehicle/images/800/133/GzEL8zPTFyabvMzx.jpg","https://cdn-be.motork.net/dealer/datafiles/vehicle/images/800/133/pS75ieeJdxkJJuMM.jpg","https://cdn-be.motork.net/dealer/datafiles/vehicle/images/800/133/3nezjIEyk2iLXwR3.jpg",
"61259","2024 Ford Transit Connect Trend L2 - 100pk - Topdeal!","Ford Transit Connect Trend L2 - 100pk - Topdeal! bij Waasland Automotive Sint-Niklaas. Bestelwagen, Diesel, Manueel. Bouwjaar 2024, 25 km. Uitrusting: ABS, Airbag bestuurder, Airbag passagier, Airconditioning manueel, Automatische lichten, Bandenspanningscontrole, Bandenspanningscontrolesysteem, Boordcomputer. Gecontroleerde occasie met minimum 1 jaar garantie. Boek je testrit online.","https://nl.advusedcars.be/autos/tweedehands/sint-niklaas/ford/transit-connect/diesel/trend-l2-100pk-topdeal/61259/","Ford","Transit Connect","2024","Trend L2 - 100pk - Topdeal!","25","KM","24187.90 EUR","VAN","Wit","Zwart","Used","WF0SXXWPGSRR74800","Manual","DIESEL","Other","available",,"commercial","active","2025-09-25","343","1917304","{""addr1"":""Europark Zuid 4"",""city"":""Sint-Niklaas"",""region"":""Oost-Vlaanderen"",""postal_code"":""9100"",""country"":""BE""}","51.1621977","4.1715563","ADV-WAASLAND-SINT-NIKLAAS","Waasland Automotive Sint-Niklaas","+3237787910","Waasland Automotive Sint-Niklaas","Ford","Diesel","https://cdn-be.motork.net/dealer/datafiles/vehicle/images/800/133/f17glFBzKijXhfiz.jpg","https://cdn-be.motork.net/dealer/datafiles/vehicle/images/800/133/oEqHlKXdLn8N2fXu.jpg","https://cdn-be.motork.net/dealer/datafiles/vehicle/images/800/133/P0lbAU4pKTweWwiZ.jpg","https://cdn-be.motork.net/dealer/datafiles/vehicle/images/800/133/o9UeJ8UBl3GkV4TA.jpg","https://cdn-be.motork.net/dealer/datafiles/vehicle/images/800/133/ZefsGkPvfI1yGZ48.jpg","https://cdn-be.motork.net/dealer/datafiles/vehicle/images/800/133/w8nkT8eRbmVjKzzC.jpg","https://cdn-be.motork.net/dealer/datafiles/vehicle/images/800/133/XMzPhdWpxqNDpwJv.jpg","https://cdn-be.motork.net/dealer/datafiles/vehicle/images/800/133/hFg3EXxOqxTVNlvC.jpg","https://cdn-be.motork.net/dealer/datafiles/vehicle/images/800/133/sKjRFO2KQbA2qZrU.jpg","https://cdn-be.motork.net/dealer/datafiles/vehicle/images/800/133/rHFyOfbjkgcnysuk.jpg","https://cdn-be.motork.net/dealer/datafiles/vehicle/images/800/133/KvbFZyD9ip1gRHqW.jpg","https://cdn-be.motork.net/dealer/datafiles/vehicle/images/800/133/6chBL67LZgiW0no1.jpg","https://cdn-be.motork.net/dealer/datafiles/vehicle/images/800/133/SCE2sYdxt1pogkOp.jpg","https://cdn-be.motork.net/dealer/datafiles/vehicle/images/800/133/ThyLUoJoPM54RXif.jpg","https://cdn-be.motork.net/dealer/datafiles/vehicle/images/800/133/IETDCqX3NlvkkXVw.jpg","https://cdn-be.motork.net/dealer/datafiles/vehicle/images/800/133/ijjLCZkFW9GpFvkK.jpg","https://cdn-be.motork.net/dealer/datafiles/vehicle/images/800/133/eagyhmExHCghYYOH.jpg","https://cdn-be.motork.net/dealer/datafiles/vehicle/images/800/133/5EJG2v5mCtlvC1Jj.jpg","https://cdn-be.motork.net/dealer/datafiles/vehicle/images/800/133/yCkiqJ27f6SeaxDU.jpg",
"62455","2024 Ford Mustang Mach-E 99 kWh Premium AWD","Ford Mustang Mach-E 99 kWh Premium AWD bij Waasland Automotive Beveren. SUV, Elektrisch, Automaat. Bouwjaar 2024, 89 km. Uitrusting: 'Quickclear' elektrische voorruitontdooiing, 12V aansluiting in de kofferruimte, 19'' lichtmetalen velgen - banden 225/55 R19 99V, 360° camerasysteem, ABS met elektronische remkrachtverdeling, Achterbank (rug) neerklapbaar in 2 delen (60/40), Achteruitrijcamera, Active Park Assist. Gecontroleerde occasie met minimum 1 jaar garantie. Boek je testrit online.","https://nl.advusedcars.be/autos/tweedehands/beveren/ford/mustang-mach-e/elektrisch/99-kwh-premium-awd/62455/","Ford","Mustang Mach-E","2024","99 kWh Premium AWD","89","KM","48990.00 EUR","SUV","Blauw","Zwart","Used","WF0TK3SU9NMA45642","Automatic","ELECTRIC","FWD","available",,"car_truck","active","2025-10-02","336","1841423","{""addr1"":""Pareinpark 4"",""city"":""Beveren"",""region"":""Oost-Vlaanderen"",""postal_code"":""9120"",""country"":""BE""}","51.2187909","4.2712614","ADV-WAASLAND-BEVEREN","Waasland Automotive Beveren","+3237787960","Waasland Automotive Beveren","Ford","Elektrisch","https://cdn-be.motork.net/dealer/datafiles/vehicle/images/800/133/IWbGyQ9eGgTj5Qcj.jpg","https://cdn-be.motork.net/dealer/datafiles/vehicle/images/800/133/6hlmu12YRRu89JDX.jpg","https://cdn-be.motork.net/dealer/datafiles/vehicle/images/800/133/SCgiIiT2WXfqiUFK.jpg","https://cdn-be.motork.net/dealer/datafiles/vehicle/images/800/133/BAAmW0zKYMbcGQUR.jpg","https://cdn-be.motork.net/dealer/datafiles/vehicle/images/800/133/KAtzYfe9WcRS8ENJ.jpg","https://cdn-be.motork.net/dealer/datafiles/vehicle/images/800/133/dcY1p6GIbkvdCRgf.jpg","https://cdn-be.motork.net/dealer/datafiles/vehicle/images/800/133/W2HeboSzGwBKC95O.jpg","https://cdn-be.motork.net/dealer/datafiles/vehicle/images/800/133/0SsR6HwTlkXpCQxv.jpg","https://cdn-be.motork.net/dealer/datafiles/vehicle/images/800/133/2Zrq4OLkhEnUzsxb.jpg","https://cdn-be.motork.net/dealer/datafiles/vehicle/images/800/133/bgyIgnMy3ChSFyxm.jpg","https://cdn-be.motork.net/dealer/datafiles/vehicle/images/800/133/e5UXsDtsCjfVbcFv.jpg","https://cdn-be.motork.net/dealer/datafiles/vehicle/images/800/133/bKqdTBn336MEX3Ce.jpg","https://cdn-be.motork.net/dealer/datafiles/vehicle/images/800/133/yQkQJh3plIPGe4Og.jpg","https://cdn-be.motork.net/dealer/datafiles/vehicle/images/800/133/HdJkWPS5r0t0U78V.jpg","https://cdn-be.motork.net/dealer/datafiles/vehicle/images/800/133/kevhUqe6eoTEpSpN.jpg","https://cdn-be.motork.net/dealer/datafiles/vehicle/images/800/133/SAIh1lPbOnFECy2n.jpg","https://cdn-be.motork.net/dealer/datafiles/vehicle/images/800/133/qnrhb4Ff6Ki9Lfci.jpg","https://cdn-be.motork.net/dealer/datafiles/vehicle/images/800/133/l8psBaxdqdSncoAG.jpg","https://cdn-be.motork.net/dealer/datafiles/vehicle/images/800/133/3ZZtrgvjns3rPZX5.jpg","https://cdn-be.motork.net/dealer/datafiles/vehicle/images/800/133/Rf2pRt0MwJqpiPgL.jpg"
"78674","2022 Ford Transit L2H2 350M - €19.990 Excl. BTW","Ford Transit L2H2 350M - €19.990 Excl. BTW bij Waasland Automotive Beveren. Bestelwagen, Diesel, Automaat. Bouwjaar 2022, 73.373 km. Uitrusting: ABS, ABS, Achteruitrijcamera, Achteruitrijcamera, Airbag bestuurder, Airbag bestuurder, Airbag passagier, Airconditioning manueel. Gecontroleerde occasie met minimum 1 jaar garantie. Boek je testrit online.","https://nl.advusedcars.be/autos/tweedehands/beveren/ford/transit/diesel/l2h2-350m-19-990-excl-btw/78674/","Ford","Transit","2022","L2H2 350M - €19.990 Excl. BTW","73373","KM","24187.90 EUR","VAN","Wit","Zwart","Used","WF0EXXTTRENJ38984","Automatic","DIESEL","Other","available",,"commercial","active","2026-02-10","205","B343","{""addr1"":""Pareinpark 4"",""city"":""Beveren"",""region"":""Oost-Vlaanderen"",""postal_code"":""9120"",""country"":""BE""}","51.2187909","4.2712614","ADV-WAASLAND-BEVEREN","Waasland Automotive Beveren","+3237787960","Waasland Automotive Beveren","Ford","Diesel","https://cdn-be.motork.net/dealer/datafiles/vehicle/images/800/133/23rlIyaAH7jErxu1.jpg","https://cdn-be.motork.net/dealer/datafiles/vehicle/images/800/133/ruKEzfJtvGOOdKwQ.jpg","https://cdn-be.motork.net/dealer/datafiles/vehicle/images/800/133/EZ3DQnHhCBamHw7E.jpg","https://cdn-be.motork.net/dealer/datafiles/vehicle/images/800/133/6GeGUy2DKT7WKtOK.jpg","https://cdn-be.motork.net/dealer/datafiles/vehicle/images/800/133/xyTby4snULpI38WX.jpg","https://cdn-be.motork.net/dealer/datafiles/vehicle/images/800/133/Fgl9kFNjJyDGPaNJ.jpg","https://cdn-be.motork.net/dealer/datafiles/vehicle/images/800/133/TvtqSisZMpz6GTR4.jpg","https://cdn-be.motork.net/dealer/datafiles/vehicle/images/800/133/mMCGVRqEXdVcUque.jpg","https://cdn-be.motork.net/dealer/datafiles/vehicle/images/800/133/Q5plxAiqU7QWBAek.jpg","https://cdn-be.motork.net/dealer/datafiles/vehicle/images/800/133/WJF8okwIYFyBXXtf.jpg","https://cdn-be.motork.net/dealer/datafiles/vehicle/images/800/133/4RHdzc8GR6IAd3aV.jpg","https://cdn-be.motork.net/dealer/datafiles/vehicle/images/800/133/KFxvRMUoPy4EdFr9.jpg","https://cdn-be.motork.net/dealer/datafiles/vehicle/images/800/133/abkjF0niSsXGlYCz.jpg","https://cdn-be.motork.net/dealer/datafiles/vehicle/images/800/133/ihrPxpcdtZqXR063.jpg","https://cdn-be.motork.net/dealer/datafiles/vehicle/images/800/133/dVvwYGZwZUk0Ldhs.jpg","https://cdn-be.motork.net/dealer/datafiles/vehicle/images/800/133/wOdQJLVx7KPfDqbc.jpg","https://cdn-be.motork.net/dealer/datafiles/vehicle/images/800/133/GxYfCd7kNUvHkJPc.jpg",,,
"81198","2023 Ford Transit Custom L1H1 - € 22.950 ex. BTW!!","Ford Transit Custom L1H1 - € 22.950 ex. BTW!! bij Waasland Automotive Beveren. Bestelwagen, Diesel, Manueel. Bouwjaar 2023, 39.607 km. Uitrusting: ABS, Airbag bestuurder, Airbag passagier, Airconditioning manueel, Android Auto, Apple Carplay, Automatische lichten, Bagageruimte-afscheiding. Gecontroleerde occasie met minimum 1 jaar garantie. Boek je testrit online.","https://nl.advusedcars.be/autos/tweedehands/beveren/ford/transit-custom/diesel/l1h1-22-950-ex-btw/81198/","Ford","Transit Custom","2023","L1H1 - € 22.950 ex. BTW!!","39607","KM","27769.50 EUR","VAN","Wit","Zwart","Used","WF0YXXTTGYPE24042","Manual","DIESEL","FWD","available",,"commercial","active","2026-03-03","184","B569","{""addr1"":""Pareinpark 4"",""city"":""Beveren"",""region"":""Oost-Vlaanderen"",""postal_code"":""9120"",""country"":""BE""}","51.2187909","4.2712614","ADV-WAASLAND-BEVEREN","Waasland Automotive Beveren","+3237787960","Waasland Automotive Beveren","Ford","Diesel","https://cdn-be.motork.net/dealer/datafiles/vehicle/images/800/133/kLblVnplieWywao9.jpg","https://cdn-be.motork.net/dealer/datafiles/vehicle/images/800/133/NPixtezGPKRBeK0O.jpg","https://cdn-be.motork.net/dealer/datafiles/vehicle/images/800/133/yoFKSqCttg4QrTfu.jpg","https://cdn-be.motork.net/dealer/datafiles/vehicle/images/800/133/le7VbfkxG0ZXDgnI.jpg","https://cdn-be.motork.net/dealer/datafiles/vehicle/images/800/133/PDDby45MqkgRRCYn.jpg","https://cdn-be.motork.net/dealer/datafiles/vehicle/images/800/133/iFIENeqahbE4EyTZ.jpg","https://cdn-be.motork.net/dealer/datafiles/vehicle/images/800/133/lPyvmmatj1AKgZn8.jpg","https://cdn-be.motork.net/dealer/datafiles/vehicle/images/800/133/L0n8A5fTHaeLqKAU.jpg","https://cdn-be.motork.net/dealer/datafiles/vehicle/images/800/133/6Dd7RQ2wEiykBjKJ.jpg","https://cdn-be.motork.net/dealer/datafiles/vehicle/images/800/133/kbMZFUftc7dozQ8L.jpg","https://cdn-be.motork.net/dealer/datafiles/vehicle/images/800/133/bpTlMhHZnDX4GFZN.jpg","https://cdn-be.motork.net/dealer/datafiles/vehicle/images/800/133/miezBfcOu3jyJwso.jpg","https://cdn-be.motork.net/dealer/datafiles/vehicle/images/800/133/lLZThfZ8CJg1uDSx.jpg","https://cdn-be.motork.net/dealer/datafiles/vehicle/images/800/133/kbbdAn00tO8Y4ke1.jpg","https://cdn-be.motork.net/dealer/datafiles/vehicle/images/800/133/g5uk9bz96Sn04RNz.jpg","https://cdn-be.motork.net/dealer/datafiles/vehicle/images/800/133/mjhAoWy1bqUhnqb5.jpg","https://cdn-be.motork.net/dealer/datafiles/vehicle/images/800/133/UwhvgbAMcvR2ekzJ.jpg","https://cdn-be.motork.net/dealer/datafiles/vehicle/images/800/133/V1Vbn78TcQcPF74P.jpg","https://cdn-be.motork.net/dealer/datafiles/vehicle/images/800/133/yttH5blh6M1PWsAW.jpg",
"81635","2019 Ford Transit Autotransport - €44.990 Excl. Btw!!","Ford Transit Autotransport - €44.990 Excl. Btw!! bij Waasland Automotive Beveren. Andere, Diesel, Manueel. Bouwjaar 2019, 82.682 km. Uitrusting: ABS, Airbag bestuurder, Airbag passagier, Airconditioning manueel, Automatische lichten, Bandenspanningscontrole, Boordcomputer, Centrale vergrendeling. Gecontroleerde occasie met minimum 1 jaar garantie. Boek je testrit online.","https://nl.advusedcars.be/autos/tweedehands/beveren/ford/transit/diesel/autotransport-44-990-excl-btw/81635/","Ford","Transit","2019","Autotransport - €44.990 Excl. Btw!!","82682","KM","54437.90 EUR","OTHER","Zilver","Zwart","Used","WF0DXXTTGDJA76176","Manual","DIESEL","RWD","available",,"car_truck","active","2026-03-05","182","B628","{""addr1"":""Pareinpark 4"",""city"":""Beveren"",""region"":""Oost-Vlaanderen"",""postal_code"":""9120"",""country"":""BE""}","51.2187909","4.2712614","ADV-WAASLAND-BEVEREN","Waasland Automotive Beveren","+3237787960","Waasland Automotive Beveren","Ford","Diesel","https://cdn-be.motork.net/dealer/datafiles/vehicle/images/800/133/tJPmuatUbqZW8ihH.jpg","https://cdn-be.motork.net/dealer/datafiles/vehicle/images/800/133/hjAKOCoCpZ0WXIdD.jpeg","https://cdn-be.motork.net/dealer/datafiles/vehicle/images/800/133/JuISY4SivW94ew3K.jpeg","https://cdn-be.motork.net/dealer/datafiles/vehicle/images/800/133/V9Shh6X4yQ5ZdiNm.jpeg","https://cdn-be.motork.net/dealer/datafiles/vehicle/images/800/133/8QRjr8nekx9zPcZV.jpeg","https://cdn-be.motork.net/dealer/datafiles/vehicle/images/800/133/zmUO0tzW8NCwCU7z.jpeg","https://cdn-be.motork.net/dealer/datafiles/vehicle/images/800/133/5ssA4W3Np1eavjba.jpeg","https://cdn-be.motork.net/dealer/datafiles/vehicle/images/800/133/4rdnGwIblsEnlWSK.jpeg","https://cdn-be.motork.net/dealer/datafiles/vehicle/images/800/133/XIGqg39rO2Xh2Rsl.jpeg","https://cdn-be.motork.net/dealer/datafiles/vehicle/images/800/133/NAvZuKfWlqBoipZE.jpeg","https://cdn-be.motork.net/dealer/datafiles/vehicle/images/800/133/ZhFYUg2l1j2jnUIJ.jpeg","https://cdn-be.motork.net/dealer/datafiles/vehicle/images/800/133/uDj848j8s3xcrWFt.jpg","https://cdn-be.motork.net/dealer/datafiles/vehicle/images/800/133/J6BdXw16zovWvGaQ.jpeg","https://cdn-be.motork.net/dealer/datafiles/vehicle/images/800/133/wWy8Qkr5veU6vHxu.jpeg","https://cdn-be.motork.net/dealer/datafiles/vehicle/images/800/133/rWPVyLmPwOovFkaF.jpeg","https://cdn-be.motork.net/dealer/datafiles/vehicle/images/800/133/fcF51MloJ3PKkF2f.jpeg","https://cdn-be.motork.net/dealer/datafiles/vehicle/images/800/133/56ABVvPjKqU7QCPc.jpeg","https://cdn-be.motork.net/dealer/datafiles/vehicle/images/800/133/Yt2SnlTpyQbddL30.jpeg","https://cdn-be.motork.net/dealer/datafiles/vehicle/images/800/133/XiSBaJrJycIrtbXv.jpeg","https://cdn-be.motork.net/dealer/datafiles/vehicle/images/800/133/IRgIKePDeWGA5y9d.jpg"
"86278","2022 Ford Focus Camera - Carplay/Android Auto - Garantie!!","Ford Focus Camera - Carplay/Android Auto - Garantie!! bij Waasland Automotive Beveren. Break, Benzine, Manueel. Bouwjaar 2022, 70.134 km. Uitrusting: ABS, ABS, Achteruitrijcamera, Achteruitrijcamera, Adaptieve dimlichten, Airbag bestuurder, Airbag bestuurder, Airbag passagier. Gecontroleerde occasie met minimum 1 jaar garantie. Boek je testrit online.","https://nl.advusedcars.be/autos/tweedehands/beveren/ford/focus/benzine/camera-carplay-android-auto-garantie/86278/","Ford","Focus","2022","Camera - Carplay/Android Auto - Garantie!!","70134","KM","14990.00 EUR","WAGON","Antraciet","Zwart","Used","WF0PXXGCHPMK85887","Manual","GASOLINE","FWD","available",,"car_truck","active","2026-04-16","140","B584","{""addr1"":""Pareinpark 4"",""city"":""Beveren"",""region"":""Oost-Vlaanderen"",""postal_code"":""9120"",""country"":""BE""}","51.2187909","4.2712614","ADV-WAASLAND-BEVEREN","Waasland Automotive Beveren","+3237787960","Waasland Automotive Beveren","Ford","Benzine","https://cdn-be.motork.net/dealer/datafiles/vehicle/images/800/133/QwB1Z5POo7KpsG74.jpg","https://cdn-be.motork.net/dealer/datafiles/vehicle/images/800/133/dqbi6e7FmdO8h2bx.jpeg","https://cdn-be.motork.net/dealer/datafiles/vehicle/images/800/133/QwtKaIjjMqnHqanG.jpeg","https://cdn-be.motork.net/dealer/datafiles/vehicle/images/800/133/5ksk4NfXlyx0hgKF.jpeg","https://cdn-be.motork.net/dealer/datafiles/vehicle/images/800/133/QFayn3vI6pi7cmV0.jpeg","https://cdn-be.motork.net/dealer/datafiles/vehicle/images/800/133/0GgjvyMjmknK9zr8.jpg","https://cdn-be.motork.net/dealer/datafiles/vehicle/images/800/133/lDAFtBzAGm6LU43d.jpeg","https://cdn-be.motork.net/dealer/datafiles/vehicle/images/800/133/D2nebSqTCMv1jzVH.jpeg","https://cdn-be.motork.net/dealer/datafiles/vehicle/images/800/133/sUfNRKveFSElyU8p.jpeg","https://cdn-be.motork.net/dealer/datafiles/vehicle/images/800/133/jc7sMINui13yHCbG.jpeg","https://cdn-be.motork.net/dealer/datafiles/vehicle/images/800/133/EUl5zTDnY64LBGJh.jpeg","https://cdn-be.motork.net/dealer/datafiles/vehicle/images/800/133/rgZ0T8wpPfymX34x.jpeg","https://cdn-be.motork.net/dealer/datafiles/vehicle/images/800/133/zxhEzpAI4AmSMAgO.jpg","https://cdn-be.motork.net/dealer/datafiles/vehicle/images/800/133/dt0RcbmpLcYBsVkO.jpeg","https://cdn-be.motork.net/dealer/datafiles/vehicle/images/800/133/8ajpz9Zjj2HckRQy.jpeg","https://cdn-be.motork.net/dealer/datafiles/vehicle/images/800/133/a0MdcceDzq3b2SRV.jpeg","https://cdn-be.motork.net/dealer/datafiles/vehicle/images/800/133/JkIviQrNSw11ZZHx.jpeg","https://cdn-be.motork.net/dealer/datafiles/vehicle/images/800/133/ALwQI4Tn0X4fV5Sy.jpeg","https://cdn-be.motork.net/dealer/datafiles/vehicle/images/800/133/gYETjo9cr5bhHePi.jpg",
"86286","2022 Ford Focus Camera - Carplay/Android Auto - Garantie!!","Ford Focus Camera - Carplay/Android Auto - Garantie!! bij Waasland Automotive Beveren. Break, Benzine, Manueel. Bouwjaar 2022, 103.000 km. Uitrusting: ABS, ABS, Achteruitrijcamera, Achteruitrijcamera, Adaptieve dimlichten, Airbag bestuurder, Airbag bestuurder, Airbag passagier. Gecontroleerde occasie met minimum 1 jaar garantie. Boek je testrit online.","https://nl.advusedcars.be/autos/tweedehands/beveren/ford/focus/benzine/camera-carplay-android-auto-garantie/86286/","Ford","Focus","2022","Camera - Carplay/Android Auto - Garantie!!","103000","KM","15990.00 EUR","WAGON","Zwart","Zwart","Used","WF0PXXGCHPNT55456","Manual","GASOLINE","FWD","available",,"car_truck","active","2026-04-16","140","B651","{""addr1"":""Pareinpark 4"",""city"":""Beveren"",""region"":""Oost-Vlaanderen"",""postal_code"":""9120"",""country"":""BE""}","51.2187909","4.2712614","ADV-WAASLAND-BEVEREN","Waasland Automotive Beveren","+3237787960","Waasland Automotive Beveren","Ford","Benzine","https://cdn-be.motork.net/dealer/datafiles/vehicle/images/800/133/j2hHSTdh01ifzOp8.jpg","https://cdn-be.motork.net/dealer/datafiles/vehicle/images/800/133/WZKe5mEyJyA0HK28.jpg","https://cdn-be.motork.net/dealer/datafiles/vehicle/images/800/133/agFHUimleKD9KS48.jpg",,,,,,,,,,,,,,,,,
"91041","2024 Ford Transit Custom Campervan - Meteen beschikbaar voor deze zomer!!","Waasland Automotive / NEYT stelt voor:
ONMIDDELLIJK LEVERBAAR UIT STOCK!
Al onze wagens worden keuringsvrij afgeleverd met Car Pass (gewaarborgde kilometerstand) en 12 maanden waarborg.
- Datum eerste inschrijving: 23/05/2024
- Kilometerstand: 23.825 km
- Brandstof: Diesel
- Transmissie: Automaat
- Kleur: Grijs (Magnetic)
- Opties: Trekhaak, Goed zicht pack premium, Radio DAB 8"", Warmwaterboiler, luifel
- Prijs: € 58.080,00 incl. btw
Kom langs voor een proefrit en ervaar zelf de kwaliteit van onze jonge occasies. Wij staan klaar om al uw vragen te beantwoorden en u te adviseren. Wij zijn bereikbaar op het nummer 0496984573, of kom gerust langs in onze showroom te Gentse Steenweg 39, Lokeren 9160
-
Waasland Automotive / NEYT présente :
IMMÉDIATEMENT DISPONIBLE EN STOCK !
Toutes nos voitures sont livrées avec contrôle technique, avec Car Pass (kilométrage garanti) et 12 mois de garantie.
- Première immatriculation 23/05/2024
- Kilométrage: 23.825 km
- Carburant: Diesel
- Transmission: Automatic
- Couleur: Gris (Magnetic)
- Options: Attelage, Pack Bien Vue, Radio DAB 8"", chaudière à eau chaude, baldaquin
- Prix: € 58.080,00 incl. TVA
Venez faire un essai routier et constatez par vous-même la qualité de nos jeunes voitures d'occasion. Nous sommes prêts à répondre à toutes vos questions et à vous conseiller. Nous sommes joignables au 0496984573, ou n’hésitez pas à vous rendre dans notre salle d’exposition au Gentse Steenweg 39, 9160 Lokeren.","https://nl.advusedcars.be/autos/tweedehands/sint-niklaas/ford/transit-custom/diesel/campervan-meteen-beschikbaar-voor-deze-zomer/91041/","Ford","Transit Custom","2024","Campervan - Meteen beschikbaar voor deze zomer!!","23825","KM","58080.00 EUR","VAN","Antraciet","Zwart","Used","WF01XXTTG1PY04292","Automatic","DIESEL","FWD","available",,"commercial","active","2026-05-29","97","91041","{""addr1"":""Europark Zuid 4"",""city"":""Sint-Niklaas"",""region"":""Oost-Vlaanderen"",""postal_code"":""9100"",""country"":""BE""}","51.1621977","4.1715563","ADV-WAASLAND-SINT-NIKLAAS","Waasland Automotive Sint-Niklaas","+3237787910","Waasland Automotive Sint-Niklaas","Ford","Diesel","https://cdn-be.motork.net/dealer/datafiles/vehicle/images/800/133/lEr3LmkIoH068o68.jpg","https://cdn-be.motork.net/dealer/datafiles/vehicle/images/800/133/uFvpNwv22V7qE6Rf.JPG","https://cdn-be.motork.net/dealer/datafiles/vehicle/images/800/133/hDncfNZKuKDHvFs7.JPG","https://cdn-be.motork.net/dealer/datafiles/vehicle/images/800/133/fxoh1qfUxB0bstT2.jpg","https://cdn-be.motork.net/dealer/datafiles/vehicle/images/800/133/HMwwhCo2Zkn4aSIS.jpg","https://cdn-be.motork.net/dealer/datafiles/vehicle/images/800/133/GW9Epxs3qWMAcX1o.jpg","https://cdn-be.motork.net/dealer/datafiles/vehicle/images/800/133/e1GDgrALVg7Z4bym.JPG","https://cdn-be.motork.net/dealer/datafiles/vehicle/images/800/133/M5aw9skUNcLawGjY.JPG","https://cdn-be.motork.net/dealer/datafiles/vehicle/images/800/133/pg1RD8zboCRqe8sX.JPG","https://cdn-be.motork.net/dealer/datafiles/vehicle/images/800/133/mdURX3qIBnXO7KQS.jpg","https://cdn-be.motork.net/dealer/datafiles/vehicle/images/800/133/0JBb79wYY8wJnOr2.jpg","https://cdn-be.motork.net/dealer/datafiles/vehicle/images/800/133/OmUxF09PXzOAVMG8.jpg","https://cdn-be.motork.net/dealer/datafiles/vehicle/images/800/133/TzI6JuVcdKIRQk06.JPG","https://cdn-be.motork.net/dealer/datafiles/vehicle/images/800/133/R7VCXFsTHYP6hyWd.JPG","https://cdn-be.motork.net/dealer/datafiles/vehicle/images/800/133/VQ97fzBAWhLCyJNL.jpg",,,,,
"92325","2023 Ford Kuga ST-Line X - Directiewagen!","Ford Kuga ST-Line X - Directiewagen! bij Waasland Automotive Beveren. SUV, Hybride (benzine), Automaat. Bouwjaar 2023, 17.717 km. Uitrusting: ABS, Achteruitrijcamera, Adaptieve Cruise Control, Adaptieve dimlichten, Airbag bestuurder, Airbag passagier, Airbags achteraan, Android Auto. Gecontroleerde occasie met minimum 1 jaar garantie. Boek je testrit online.","https://nl.advusedcars.be/autos/tweedehands/beveren/ford/kuga/hybride-benzine/st-line-x-directiewagen/92325/","Ford","Kuga","2023","ST-Line X - Directiewagen!","17717","KM","31990.00 EUR","SUV","Blauw","Zwart","Used","WF0FXXWPMHPM30659","Automatic","HYBRID","FWD","available",,"car_truck","active","2026-06-01","94","92325","{""addr1"":""Pareinpark 4"",""city"":""Beveren"",""region"":""Oost-Vlaanderen"",""postal_code"":""9120"",""country"":""BE""}","51.2187909","4.2712614","ADV-WAASLAND-BEVEREN","Waasland Automotive Beveren","+3237787960","Waasland Automotive Beveren","Ford","Hybride (benzine)","https://cdn-be.motork.net/dealer/datafiles/vehicle/images/800/133/qqxqA1AY58nx8jQb.jpg","https://cdn-be.motork.net/dealer/datafiles/vehicle/images/800/133/rX08mCq1wUivHcyP.jpg","https://cdn-be.motork.net/dealer/datafiles/vehicle/images/800/133/7P3wdWsFwVBrma8X.jpg","https://cdn-be.motork.net/dealer/datafiles/vehicle/images/800/133/mSROQSULIV5jHcfk.jpg","https://cdn-be.motork.net/dealer/datafiles/vehicle/images/800/133/NowesUbA8ZdsZ80L.jpg","https://cdn-be.motork.net/dealer/datafiles/vehicle/images/800/133/ICS3ABs9AJTBn8ap.jpg","https://cdn-be.motork.net/dealer/datafiles/vehicle/images/800/133/1spbWQZNCJY4oqMB.jpg","https://cdn-be.motork.net/dealer/datafiles/vehicle/images/800/133/ovqbBej1ckllefCZ.jpg","https://cdn-be.motork.net/dealer/datafiles/vehicle/images/800/133/GeaCRE0PTsg5fsIi.jpg","https://cdn-be.motork.net/dealer/datafiles/vehicle/images/800/133/wz37cU2s2IdQY7JL.jpg","https://cdn-be.motork.net/dealer/datafiles/vehicle/images/800/133/SLoNsUucb2hklQCK.jpg","https://cdn-be.motork.net/dealer/datafiles/vehicle/images/800/133/AadPNozYZjApwa91.jpg","https://cdn-be.motork.net/dealer/datafiles/vehicle/images/800/133/YFWuEA8hy2dJ5glm.jpg","https://cdn-be.motork.net/dealer/datafiles/vehicle/images/800/133/KT9tq9XpMOMdSRK3.jpg","https://cdn-be.motork.net/dealer/datafiles/vehicle/images/800/133/ENhXCqJPWn5Ts2uV.jpg","https://cdn-be.motork.net/dealer/datafiles/vehicle/images/800/133/cSfGEgggE1S3R1Ff.jpg","https://cdn-be.motork.net/dealer/datafiles/vehicle/images/800/133/whR23SmZjz8WyRSD.jpg","https://cdn-be.motork.net/dealer/datafiles/vehicle/images/800/133/jyEfRvADjpF7bHJe.jpg","https://cdn-be.motork.net/dealer/datafiles/vehicle/images/800/133/LPpXJ9zcgC58qb60.jpg",
"92446","2024 Ford Kuga 2.5i PHEV Aut. 178kW Titanium","Ford Kuga 2.5i PHEV Aut. 178kW Titanium bij Waasland Automotive Sint-Niklaas. SUV, Plug-in hybride, Automaat. Bouwjaar 2024, 35 km. Uitrusting: 2 appuis-tête AV, avec réglage en hauteur, 3 appuis-tête AR, avec réglage en hauteur, 4 freins à disques dont 2 ventilés, 6 haut-parleurs, ABS, Accoudoir central AV, Affichage multi fonction 12,00 pouces, Combiné instruments 1 et 30,5, affichage multi fonction 13,20 pouces, Écran tactile, tableau de bord 1, 33,5, fixe et -, Aide au stationnement AR avec écran de guidage, Aide au stationnement emplacement : AV, de type radar, aide au stationnement emplacement : AR, de type radar et caméra. Gecontroleerde occasie met minimum 1 jaar garantie. Boek je testrit online.","https://nl.advusedcars.be/autos/tweedehands/sint-niklaas/ford/kuga/plug-in-hybride/2-5i-phev-aut-178kw-titanium/92446/","Ford","Kuga","2024","2.5i PHEV Aut. 178kW Titanium","35","KM","29990.00 EUR","SUV","Wit","Zwart","Used","WF0FXXWPMHPP47507","Automatic","HYBRID","FWD","available",,"car_truck","active","2026-06-02","93","92446","{""addr1"":""Europark Zuid 4"",""city"":""Sint-Niklaas"",""region"":""Oost-Vlaanderen"",""postal_code"":""9100"",""country"":""BE""}","51.1621977","4.1715563","ADV-WAASLAND-SINT-NIKLAAS","Waasland Automotive Sint-Niklaas","+3237787910","Waasland Automotive Sint-Niklaas","Ford","Plug-in hybride","https://cdn-be.motork.net/dealer/datafiles/vehicle/images/800/133/rsAX0cR7SSsIaNWn.jpg","https://cdn-be.motork.net/dealer/datafiles/vehicle/images/800/133/vIiZHCdN5guygAbe.jpg","https://cdn-be.motork.net/dealer/datafiles/vehicle/images/800/133/pgfg5CG1FGu5fMcg.jpg","https://cdn-be.motork.net/dealer/datafiles/vehicle/images/800/133/LPG2AyemyTbyVpxK.jpg","https://cdn-be.motork.net/dealer/datafiles/vehicle/images/800/133/aw8uBQkXL2VnbtOZ.jpg","https://cdn-be.motork.net/dealer/datafiles/vehicle/images/800/133/Ky1zuomdLsvX5O4i.jpg","https://cdn-be.motork.net/dealer/datafiles/vehicle/images/800/133/BTXzsDmTmrmo1Lxz.jpg","https://cdn-be.motork.net/dealer/datafiles/vehicle/images/800/133/wsec74k7c4ckH7Ai.jpg","https://cdn-be.motork.net/dealer/datafiles/vehicle/images/800/133/Xwt9skHR4JK5iIfa.jpg","https://cdn-be.motork.net/dealer/datafiles/vehicle/images/800/133/Q5Yuce2oyK9p3rSq.jpg","https://cdn-be.motork.net/dealer/datafiles/vehicle/images/800/133/bqOH5Schy7YGwFWN.jpg","https://cdn-be.motork.net/dealer/datafiles/vehicle/images/800/133/o7xJFcpgQWpf2XRM.jpg","https://cdn-be.motork.net/dealer/datafiles/vehicle/images/800/133/Y0RFqhkN5bafowVj.jpg","https://cdn-be.motork.net/dealer/datafiles/vehicle/images/800/133/C8mqquKd8uSYqsFb.jpg",,,,,,
"92863","2026 Zeekr 7X Long Range Business Edition - Directiewagen","Zeekr 7X Long Range Business Edition - Directiewagen bij Waasland Automotive Beveren. SUV, Elektrisch, Automaat. Bouwjaar 2026, 6.500 km. Uitrusting: 3 zones automatische airconditioning, 360° camera, ABS, Achteruitrijcamera, Adaptieve dimlichten, Adaptive Cruise Control, Airbag bestuurder, Airbag passagier. Gecontroleerde occasie met minimum 1 jaar garantie. Boek je testrit online.","https://nl.advusedcars.be/autos/tweedehands/beveren/zeekr/7x/elektrisch/long-range-business-edition-directiewagen/92863/","Zeekr","7X","2026","Long Range Business Edition - Directiewagen","6500","KM","55750.00 EUR","SUV","Grijs","Zwart","Used","L6TZA1S57SN128942","Automatic","ELECTRIC","RWD","available",,"car_truck","active","2026-06-04","91","92863","{""addr1"":""Pareinpark 4"",""city"":""Beveren"",""region"":""Oost-Vlaanderen"",""postal_code"":""9120"",""country"":""BE""}","51.2187909","4.2712614","ADV-WAASLAND-BEVEREN","Waasland Automotive Beveren","+3237787960","Waasland Automotive Beveren","Zeekr","Elektrisch","https://cdn-be.motork.net/dealer/datafiles/vehicle/images/800/133/6sPn3QEqGM6Hwem5.jpg","https://cdn-be.motork.net/dealer/datafiles/vehicle/images/800/133/6lv5ScLqdn2pbZlB.JPG","https://cdn-be.motork.net/dealer/datafiles/vehicle/images/800/133/StH9tuDZiTFI7YP9.JPG","https://cdn-be.motork.net/dealer/datafiles/vehicle/images/800/133/LcIDQNITduuR0dfD.JPG","https://cdn-be.motork.net/dealer/datafiles/vehicle/images/800/133/DItUIcC7evWyMztv.JPG","https://cdn-be.motork.net/dealer/datafiles/vehicle/images/800/133/SLEbeLKQ2XYR9T70.JPG","https://cdn-be.motork.net/dealer/datafiles/vehicle/images/800/133/UcGZktmAZ87Um4Tt.JPG","https://cdn-be.motork.net/dealer/datafiles/vehicle/images/800/133/u7IzRXpYTxRsdUIO.JPG","https://cdn-be.motork.net/dealer/datafiles/vehicle/images/800/133/NGYSjQ5Ct4pgDMmz.JPG","https://cdn-be.motork.net/dealer/datafiles/vehicle/images/800/133/MpDpxqJqqkt3nc7z.JPG","https://cdn-be.motork.net/dealer/datafiles/vehicle/images/800/133/lGO71V7JQUNq5DJJ.JPG","https://cdn-be.motork.net/dealer/datafiles/vehicle/images/800/133/ABmSKmGVOCMxbuCu.JPG","https://cdn-be.motork.net/dealer/datafiles/vehicle/images/800/133/8bNQzysoMKTDHMg8.JPG","https://cdn-be.motork.net/dealer/datafiles/vehicle/images/800/133/w2hkN0lQIbvKxYJq.jpg",,,,,,
"96143","2024 Ford Ranger 3.0 EcoBlue A10 e-4WD Platinum - Full option!","Ford Ranger 3.0 EcoBlue A10 e-4WD Platinum - Full option! bij Waasland Automotive Beveren. Pick-up, Diesel, Automaat. Bouwjaar 2024, 39.051 km. Uitrusting: 10-weg elektrisch instelbare voorzetels met klimaatfunctie, bestuurderszetel met, 12'' aanraakscherm met SYNC 4, Apple Carplay en Android Auto, navigatiesysteem,, 12V-aansluiting achteraan, 20'' aluminium reservewiel, 20'' aluminium velgen in Painted Ebony met zwarte naafdop, 255/55 all-seasonsban, 360° Camera, 360° zoneverlichting, ABS/ESP. Gecontroleerde occasie met minimum 1 jaar garantie. Boek je testrit online.","https://nl.advusedcars.be/autos/tweedehands/beveren/ford/ranger/diesel/3-0-ecoblue-a10-e-4wd-platinum-full-option/96143/","Ford","Ranger","2024","3.0 EcoBlue A10 e-4WD Platinum - Full option!","39051","KM","53845.00 EUR","TRUCK","Zwart","Zwart","Used","6FPPXXMJ2PPU09514","Automatic","DIESEL","4X4","available",,"car_truck","active","2026-06-30","65","96143","{""addr1"":""Pareinpark 4"",""city"":""Beveren"",""region"":""Oost-Vlaanderen"",""postal_code"":""9120"",""country"":""BE""}","51.2187909","4.2712614","ADV-WAASLAND-BEVEREN","Waasland Automotive Beveren","+3237787960","Waasland Automotive Beveren","Ford","Diesel","https://cdn-be.motork.net/dealer/datafiles/vehicle/images/800/133/vxstcXBXp9yxqjYI.jpg","https://cdn-be.motork.net/dealer/datafiles/vehicle/images/800/133/0Znpr5Bg9ZMrMuMC.jpeg","https://cdn-be.motork.net/dealer/datafiles/vehicle/images/800/133/50IisYApufVSMHE9.jpeg","https://cdn-be.motork.net/dealer/datafiles/vehicle/images/800/133/B4YTgbux102VITmf.jpeg","https://cdn-be.motork.net/dealer/datafiles/vehicle/images/800/133/68kfEzziFjvgXL2W.jpeg","https://cdn-be.motork.net/dealer/datafiles/vehicle/images/800/133/hsjID0pASscirowh.jpeg","https://cdn-be.motork.net/dealer/datafiles/vehicle/images/800/133/iwxg7hxprjxKO4k6.jpeg","https://cdn-be.motork.net/dealer/datafiles/vehicle/images/800/133/10SvOvxL6hl7LRFm.jpeg","https://cdn-be.motork.net/dealer/datafiles/vehicle/images/800/133/MHEzbkA3wPzFveyW.jpeg","https://cdn-be.motork.net/dealer/datafiles/vehicle/images/800/133/bBIh75midj71G3eV.jpeg","https://cdn-be.motork.net/dealer/datafiles/vehicle/images/800/133/ywqiGmZL1aBH54oB.jpeg","https://cdn-be.motork.net/dealer/datafiles/vehicle/images/800/133/B2nV9wLpmk1Z92oi.jpeg","https://cdn-be.motork.net/dealer/datafiles/vehicle/images/800/133/8SKIo2oYzBTl8E2J.jpeg","https://cdn-be.motork.net/dealer/datafiles/vehicle/images/800/133/4gtxrO9xBsHwO7ni.jpeg","https://cdn-be.motork.net/dealer/datafiles/vehicle/images/800/133/JQBmnsrHbsGU3oHI.jpeg","https://cdn-be.motork.net/dealer/datafiles/vehicle/images/800/133/i7XUP2jRzn4hy2qO.jpeg","https://cdn-be.motork.net/dealer/datafiles/vehicle/images/800/133/Q2BfyuiZ2WWa0xI3.jpeg","https://cdn-be.motork.net/dealer/datafiles/vehicle/images/800/133/89gurGasjIUDICW5.jpeg",,
